TIME;VELOCITY
0.000000;0.000000
1.000000;0.000000
2.000000;0.000000
3.000000;0.000000
4.000000;0.000000
5.000000;0.000000
6.000000;0.000000
7.000000;0.000000
8.000000;0.000000
9.000000;0.000000
10.000000;0.000000
11.000000;0.000000
12.000000;0.000000
13.000000;0.000000
14.000000;0.000000
15.000000;0.000000
16.000000;0.000000
17.000000;0.000000
18.000000;0.000000
19.000000;0.000000
20.000000;0.000000
21.000000;0.000000
22.000000;0.000000
23.000000;0.000000
24.000000;0.000000
25.000000;0.000000
26.000000;0.000000
27.000000;0.000000
28.000000;0.000000
29.000000;0.000000
30.000000;0.000000
31.000000;0.000000
32.000000;0.000000
33.000000;0.000000
34.000000;0.000000
35.000000;0.000000
36.000000;0.000000
37.000000;0.000000
38.000000;0.000000
39.000000;0.000000
40.000000;1.478982
41.000000;1.490761
42.000000;1.522173
43.000000;1.574527
44.000000;1.647821
45.000000;1.740748
46.000000;1.854617
47.000000;1.986809
48.000000;2.139943
49.000000;2.311400
50.000000;2.502489
51.000000;2.711903
52.000000;2.939640
53.000000;3.184391
54.000000;3.446158
55.000000;3.723631
56.000000;4.018118
57.000000;4.325695
58.000000;4.648976
59.000000;4.985346
60.000000;5.334805
61.000000;5.696043
62.000000;6.067751
63.000000;6.449931
64.000000;6.841272
65.000000;7.241775
66.000000;7.648822
67.000000;8.061105
68.000000;8.479932
69.000000;8.903994
70.000000;9.330673
71.000000;9.758661
72.000000;10.189268
73.000000;10.619874
74.000000;11.049170
75.000000;11.475851
76.000000;11.901221
77.000000;12.321358
78.000000;12.737566
79.000000;13.147232
80.000000;13.550352
81.000000;13.945620
82.000000;14.331725
83.000000;14.707361
84.000000;15.072525
85.000000;15.427219
86.000000;15.767516
87.000000;16.096033
88.000000;16.408844
89.000000;16.707258
90.000000;16.991274
91.000000;17.256968
92.000000;17.506956
93.000000;17.738619
94.000000;17.953268
95.000000;18.148283
96.000000;18.323668
97.000000;18.479418
98.000000;20.094519
99.000000;20.221476
100.000000;20.348433
101.000000;20.475389
102.000000;20.601038
103.000000;20.726685
104.000000;20.851025
105.000000;20.972746
106.000000;21.093159
107.000000;21.212263
108.000000;21.328749
109.000000;21.442617
110.000000;21.555178
111.000000;21.663809
112.000000;21.769825
113.000000;21.871914
114.000000;21.971386
115.000000;22.064314
116.000000;22.155933
117.000000;22.242313
118.000000;22.326078
119.000000;22.403301
120.000000;22.476595
121.000000;22.545963
122.000000;22.608788
123.000000;22.668995
124.000000;22.721348
125.000000;22.768467
126.000000;22.811657
127.000000;22.849613
128.000000;22.881025
129.000000;22.905893
130.000000;22.926834
131.000000;22.941231
132.000000;22.950392
133.000000;24.430683
134.000000;24.441154
135.000000;24.463406
136.000000;24.501362
137.000000;24.553715
138.000000;24.621773
139.000000;24.704231
140.000000;24.798466
141.000000;24.908409
142.000000;25.032745
143.000000;25.171484
144.000000;25.320692
145.000000;25.485603
146.000000;25.660986
147.000000;25.849459
148.000000;26.049709
149.000000;26.260431
150.000000;26.481628
151.000000;26.713291
152.000000;26.956732
153.000000;27.206718
154.000000;27.465870
155.000000;27.731560
156.000000;28.005108
157.000000;28.283890
158.000000;30.049505
159.000000;30.351847
160.000000;30.676437
161.000000;31.027205
162.000000;31.402840
163.000000;31.798107
164.000000;32.214314
165.000000;32.651466
166.000000;33.108250
167.000000;33.582047
168.000000;32.593880
169.000000;33.092541
170.000000;33.584663
171.000000;34.070240
172.000000;34.546661
173.000000;35.012604
174.000000;35.470695
175.000000;35.914387
176.000000;36.347610
177.000000;36.765129
178.000000;37.170868
179.000000;37.559593
180.000000;37.931301
181.000000;39.764977
182.000000;40.111816
183.000000;40.462585
184.000000;40.812042
185.000000;41.161499
186.000000;41.509651
187.000000;41.859112
188.000000;42.203331
189.000000;42.543629
190.000000;42.881306
191.000000;43.213753
192.000000;43.540958
193.000000;43.861626
194.000000;44.175743
195.000000;44.479393
196.000000;44.777809
197.000000;45.065750
198.000000;45.341915
199.000000;45.608917
200.000000;47.345737
201.000000;47.600960
202.000000;47.862724
203.000000;48.134968
204.000000;48.412441
205.000000;48.697762
206.000000;48.988323
207.000000;49.281506
208.000000;49.579914
209.000000;49.880947
210.000000;50.188526
211.000000;50.496101
212.000000;50.804985
213.000000;51.115177
214.000000;51.425373
215.000000;51.731640
216.000000;53.518196
217.000000;53.832321
218.000000;54.166073
219.000000;54.516838
220.000000;54.883312
221.000000;55.264187
222.000000;55.659447
223.000000;56.066494
224.000000;56.485325
225.000000;56.918549
226.000000;55.880638
227.000000;56.320412
228.000000;56.751015
229.000000;57.165916
230.000000;57.566414
231.000000;57.952522
232.000000;59.800598
233.000000;60.161831
234.000000;60.527000
235.000000;60.894779
236.000000;61.265175
237.000000;61.630348
238.000000;61.998127
239.000000;62.363293
240.000000;62.725845
241.000000;63.087078
242.000000;63.441772
243.000000;63.789921
244.000000;65.614433
245.000000;65.966515
246.000000;66.326447
247.000000;66.699455
248.000000;67.086876
249.000000;67.480835
250.000000;67.887878
251.000000;68.298851
252.000000;68.722916
253.000000;69.150909
254.000000;69.585442
255.000000;70.023888
256.000000;70.464966
257.000000;72.388954
258.000000;72.844429
259.000000;73.319534
260.000000;73.818199
261.000000;72.856216
262.000000;73.378433
263.000000;73.898041
264.000000;74.411102
265.000000;74.917625
266.000000;75.414978
267.000000;77.382156
268.000000;77.872971
269.000000;78.370323
270.000000;78.879463
271.000000;79.391212
272.000000;79.909515
273.000000;80.435669
274.000000;80.959198
275.000000;81.485352
276.000000;82.014114
277.000000;82.542892
278.000000;83.067726
279.000000;85.068939
280.000000;85.599007
281.000000;86.140869
282.000000;86.698425
283.000000;87.270386
284.000000;87.847588
285.000000;88.437866
286.000000;87.558334
287.000000;88.153847
288.000000;90.211349
289.000000;90.787231
290.000000;91.363113
291.000000;91.940308
292.000000;92.518814
293.000000;93.096008
294.000000;93.669281
295.000000;94.238625
296.000000;94.802734
297.000000;95.360283
298.000000;97.387680
299.000000;97.941299
300.000000;98.498886
301.000000;99.066902
302.000000;99.645416
303.000000;100.226524
304.000000;100.814194
305.000000;101.401863
306.000000;101.990837
307.000000;104.061417
308.000000;104.664787
309.000000;103.803574
310.000000;104.429199
311.000000;105.050896
312.000000;105.666054
313.000000;106.269417
314.000000;106.864937
315.000000;107.447365
316.000000;109.494385
317.000000;110.066345
318.000000;110.640915
319.000000;111.216805
320.000000;111.797935
321.000000;112.379044
322.000000;112.961472
323.000000;113.537369
324.000000;114.115868
325.000000;116.162880
326.000000;116.741394
327.000000;117.334290
328.000000;116.458687
329.000000;117.062057
330.000000;117.657578
331.000000;118.237396
332.000000;118.801498
333.000000;119.351212
334.000000;121.364182
335.000000;121.891655
336.000000;122.419113
337.000000;122.947884
338.000000;123.477943
339.000000;124.002800
340.000000;124.526344
341.000000;125.039391
342.000000;127.028824
343.000000;127.544502
344.000000;126.589058
345.000000;127.117821
346.000000;127.636124
347.000000;128.138702
348.000000;128.632141
349.000000;129.107254
350.000000;131.048264
351.000000;131.502426
352.000000;131.963120
353.000000;132.421234
354.000000;132.883224
355.000000;133.342651
356.000000;133.800735
357.000000;135.733856
358.000000;136.198502
359.000000;136.678864
360.000000;135.691986
361.000000;136.191971
362.000000;136.681473
363.000000;137.161804
364.000000;137.629059
365.000000;139.566162
366.000000;140.025528
367.000000;140.484940
368.000000;140.954834
369.000000;141.428589
370.000000;141.907654
371.000000;142.389297
372.000000;141.388031
373.000000;143.336868
374.000000;143.798920
375.000000;144.258301
376.000000;144.712479
377.000000;145.164017
378.000000;145.609039
379.000000;146.054016
380.000000;147.962311
381.000000;148.400757
382.000000;148.843140
383.000000;149.301254
384.000000;149.765869
385.000000;148.758072
386.000000;149.231888
387.000000;151.165024
388.000000;151.616592
389.000000;152.072052
390.000000;152.530136
391.000000;152.986908
392.000000;153.445007
393.000000;153.903076
394.000000;155.838867
395.000000;154.824524
396.000000;155.294388
397.000000;155.762955
398.000000;156.222351
399.000000;156.676514
400.000000;158.597885
401.000000;159.045502
402.000000;159.502289
403.000000;159.968246
404.000000;160.439423
405.000000;160.922363
406.000000;161.410583
407.000000;161.897476
408.000000;162.393494
409.000000;162.889542
410.000000;163.393448
411.000000;163.889511
412.000000;164.390793
413.000000;164.884201
414.000000;166.854004
415.000000;167.353989
416.000000;166.382843
417.000000;166.899811
418.000000;167.408951
419.000000;167.908936
420.000000;168.401062
421.000000;170.351212
422.000000;170.823700
423.000000;171.306656
424.000000;171.788300
425.000000;172.279129
426.000000;171.290939
427.000000;173.256821
428.000000;173.735855
429.000000;174.208344
430.000000;174.683441
431.000000;175.150711
432.000000;175.620560
433.000000;177.561584
434.000000;178.027527
435.000000;177.027573
436.000000;177.513138
437.000000;177.989563
438.000000;178.450287
439.000000;180.382111
440.000000;180.833649
441.000000;181.290436
442.000000;181.748535
443.000000;182.219727
444.000000;181.210571
445.000000;181.676559
446.000000;183.599243
447.000000;184.037674
448.000000;184.470886
449.000000;184.902817
450.000000;185.333435
451.000000;185.760101
452.000000;187.664459
453.000000;186.609543
454.000000;187.044067
455.000000;187.465530
456.000000;187.880386
457.000000;188.286148
458.000000;190.159103
459.000000;190.555664
460.000000;190.956161
461.000000;191.365875
462.000000;190.300446
463.000000;190.711426
464.000000;192.585648
465.000000;192.973099
466.000000;193.361816
467.000000;193.754440
468.000000;194.149734
469.000000;194.537155
470.000000;193.448196
471.000000;195.305420
472.000000;195.675812
473.000000;196.030518
474.000000;196.389130
475.000000;196.741211
476.000000;198.560501
477.000000;198.912582
478.000000;197.790924
479.000000;198.153442
480.000000;198.504211
481.000000;198.847137
482.000000;200.654633
483.000000;200.981827
484.000000;201.316925
485.000000;200.180847
486.000000;200.518509
487.000000;200.843094
488.000000;202.630981
489.000000;202.929382
490.000000;203.233017
491.000000;203.535385
492.000000;203.846878
493.000000;204.153137
494.000000;204.467255
495.000000;204.772232
496.000000;205.081100
497.000000;205.387375
498.000000;205.685806
499.000000;207.465790
500.000000;207.773376
501.000000;206.615051
502.000000;206.943573
503.000000;207.261627
504.000000;209.053421
505.000000;209.370148
506.000000;209.698654
507.000000;210.037659
508.000000;208.906830
509.000000;209.258896
510.000000;211.072952
511.000000;211.408005
512.000000;211.752228
513.000000;212.101685
514.000000;212.456375
515.000000;212.812393
516.000000;213.181473
517.000000;213.545319
518.000000;213.915771
519.000000;214.287430
520.000000;216.135498
521.000000;216.517700
522.000000;215.439209
523.000000;215.847580
524.000000;216.253311
525.000000;218.134094
526.000000;218.542435
527.000000;218.961288
528.000000;217.916840
529.000000;218.359207
530.000000;220.262283
531.000000;220.694183
532.000000;221.130005
533.000000;221.577621
534.000000;222.031830
535.000000;221.013535
536.000000;222.950607
537.000000;223.396942
538.000000;223.852386
539.000000;224.303925
540.000000;224.762039
541.000000;226.697784
542.000000;225.682144
543.000000;226.155960
544.000000;226.627121
545.000000;227.093048
546.000000;229.030136
547.000000;229.493454
548.000000;229.968597
549.000000;228.981720
550.000000;229.465973
551.000000;231.422668
552.000000;231.896484
553.000000;232.378128
554.000000;232.870255
555.000000;231.880783
556.000000;233.845337
557.000000;234.324371
558.000000;234.802078
559.000000;235.282440
560.000000;235.764099
561.000000;236.236588
562.000000;236.714294
563.000000;237.178940
564.000000;237.642242
565.000000;238.101669
566.000000;240.032181
567.000000;239.003464
568.000000;239.451050
569.000000;239.893463
570.000000;240.325363
571.000000;242.219254
572.000000;242.632843
573.000000;243.046448
574.000000;241.994125
575.000000;242.410339
576.000000;244.287216
577.000000;244.679855
578.000000;245.068573
579.000000;245.458618
580.000000;244.373596
581.000000;246.226898
582.000000;246.595993
583.000000;246.954605
584.000000;247.311905
585.000000;249.144302
586.000000;248.022614
587.000000;248.382538
588.000000;248.733307
589.000000;249.073608
590.000000;250.887650
591.000000;251.227951
592.000000;250.086655
593.000000;250.430862
594.000000;250.758072
595.000000;252.553818
596.000000;252.871841
597.000000;253.187286
598.000000;253.511856
599.000000;253.833832
600.000000;254.167603
601.000000;254.506577
602.000000;254.840332
603.000000;255.178009
604.000000;255.511765
605.000000;255.850754
606.000000;256.192383
607.000000;256.522186
608.000000;256.854614
609.000000;258.659485
610.000000;257.515594
611.000000;257.858521
612.000000;258.187012
613.000000;259.994537
614.000000;260.324371
615.000000;260.667267
616.000000;259.540375
617.000000;259.895050
618.000000;261.715637
619.000000;262.061188
620.000000;262.408020
621.000000;261.287659
622.000000;263.121338
623.000000;263.472076
624.000000;263.829407
625.000000;264.184113
626.000000;264.547943
627.000000;264.910522
628.000000;265.279602
629.000000;265.646057
630.000000;266.009949
631.000000;267.855377
632.000000;266.753357
633.000000;267.132904
634.000000;267.512482
635.000000;267.885498
636.000000;269.728333
637.000000;270.105286
638.000000;269.008453
639.000000;269.398499
640.000000;271.253113
641.000000;271.630066
642.000000;272.022736
643.000000;270.939026
644.000000;271.335571
645.000000;273.192780
646.000000;273.569733
647.000000;273.951904
648.000000;272.859070
649.000000;274.718903
650.000000;275.088013
651.000000;275.462341
652.000000;275.836609
653.000000;274.729401
654.000000;276.572205
655.000000;276.919037
656.000000;277.267181
657.000000;277.608795
658.000000;277.949127
659.000000;278.284149
660.000000;278.611389
661.000000;278.930725
662.000000;280.721222
663.000000;281.043213
664.000000;279.886169
665.000000;280.214722
666.000000;282.009094
667.000000;282.324524
668.000000;282.654358
669.000000;281.503876
670.000000;283.312714
671.000000;283.635986
672.000000;283.968414
673.000000;284.304810
674.000000;284.643799
675.000000;284.982788
676.000000;285.330902
677.000000;285.675140
678.000000;287.506195
679.000000;286.380615
680.000000;286.747101
681.000000;287.112244
682.000000;288.955048
683.000000;289.328125
684.000000;288.228668
685.000000;288.621338
686.000000;289.006134
687.000000;290.864655
688.000000;291.244232
689.000000;290.150055
690.000000;290.549255
691.000000;292.409088
692.000000;292.791290
693.000000;293.174744
694.000000;292.095001
695.000000;293.965302
696.000000;294.353973
697.000000;294.740173
698.000000;295.136688
699.000000;295.537231
700.000000;295.935089
701.000000;296.334290
702.000000;296.729584
703.000000;298.615601
704.000000;297.538422
705.000000;297.951996
706.000000;298.356445
707.000000;300.247681
708.000000;300.656097
709.000000;299.594574
710.000000;300.018616
711.000000;301.915161
712.000000;302.336578
713.000000;301.276459
714.000000;301.700470
715.000000;303.589142
716.000000;304.001434
717.000000;304.413727
718.000000;303.345703
719.000000;305.239563
720.000000;305.642670
721.000000;306.052399
722.000000;306.448975
723.000000;306.859894
724.000000;307.261749
725.000000;307.668793
726.000000;308.062775
727.000000;308.459320
728.000000;308.850647
729.000000;309.236725
730.000000;309.611145
731.000000;311.460449
732.000000;310.357117
733.000000;310.727539
734.000000;312.567749
735.000000;312.932953
736.000000;313.302002
737.000000;312.201233
738.000000;314.050690
739.000000;314.426331
740.000000;314.800598
741.000000;313.701172
742.000000;315.549286
743.000000;315.919617
744.000000;316.286163
745.000000;316.652588
746.000000;315.534851
747.000000;317.372467
748.000000;317.720642
749.000000;318.058289
750.000000;316.913055
751.000000;318.715393
752.000000;319.030762
753.000000;319.329193
754.000000;319.621033
755.000000;319.907745
756.000000;320.194305
757.000000;320.465271
758.000000;320.723053
759.000000;320.975739
760.000000;321.224335
761.000000;321.456024
762.000000;321.669342
763.000000;323.360413
764.000000;322.088226
765.000000;322.292328
766.000000;322.475616
767.000000;324.133942
768.000000;322.829041
769.000000;322.995178
770.000000;323.144409
771.000000;324.759552
772.000000;324.895660
773.000000;323.550110
774.000000;323.677094
775.000000;325.266083
776.000000;325.378601
777.000000;324.006927
778.000000;325.584076
779.000000;325.679657
780.000000;325.779175
781.000000;325.881134
782.000000;325.975433
783.000000;326.081482
784.000000;326.188812
785.000000;326.296021
786.000000;326.399506
787.000000;326.508148
788.000000;326.620728
789.000000;326.731903
790.000000;326.837952
791.000000;326.945312
792.000000;327.060455
793.000000;327.167755
794.000000;327.276398
795.000000;327.378510
796.000000;327.488495
797.000000;329.073456
798.000000;327.705688
799.000000;327.823517
800.000000;327.942657
801.000000;329.543304
802.000000;328.184723
803.000000;328.314301
804.000000;329.918976
805.000000;330.060333
806.000000;328.726562
807.000000;328.884979
808.000000;329.034210
809.000000;330.663696
810.000000;329.335175
811.000000;329.490997
812.000000;331.119141
813.000000;331.274963
814.000000;331.443695
815.000000;330.146729
816.000000;331.806274
817.000000;331.996094
818.000000;332.193634
819.000000;330.924164
820.000000;332.613831
821.000000;332.825928
822.000000;333.048309
823.000000;333.280060
824.000000;333.516937
825.000000;333.770874
826.000000;334.026031
827.000000;334.289215
828.000000;334.560059
829.000000;334.838867
830.000000;335.121521
831.000000;335.404327
832.000000;335.697418
833.000000;335.994568
834.000000;337.767975
835.000000;336.597961
836.000000;336.919922
837.000000;337.243195
838.000000;339.038849
839.000000;337.891083
840.000000;338.227448
841.000000;338.567719
842.000000;340.376495
843.000000;339.233887
844.000000;339.575562
845.000000;341.397369
846.000000;341.737732
847.000000;340.606873
848.000000;340.962921
849.000000;342.793945
850.000000;343.139465
851.000000;342.012573
852.000000;343.844971
853.000000;344.202209
854.000000;344.563477
855.000000;343.443146
856.000000;345.285950
857.000000;345.643280
858.000000;346.001862
859.000000;344.881561
860.000000;346.711273
861.000000;347.060760
862.000000;345.923340
863.000000;347.736084
864.000000;348.060699
865.000000;348.381378
866.000000;347.216431
867.000000;349.001740
868.000000;349.291016
869.000000;349.573730
870.000000;349.853760
871.000000;350.126068
872.000000;350.391724
873.000000;350.650879
874.000000;352.381073
875.000000;351.153473
876.000000;351.404755
877.000000;353.129822
878.000000;353.371857
879.000000;352.144257
880.000000;352.394287
881.000000;354.117950
882.000000;354.352203
883.000000;353.118011
884.000000;353.357574
885.000000;355.066864
886.000000;355.285431
887.000000;354.032928
888.000000;355.734344
889.000000;355.951630
890.000000;356.171539
891.000000;354.907196
892.000000;356.607391
893.000000;356.812805
894.000000;357.018372
895.000000;357.225128
896.000000;357.438477
897.000000;357.646545
898.000000;359.332367
899.000000;358.077209
900.000000;358.299683
901.000000;358.526123
902.000000;360.226288
903.000000;358.980286
904.000000;359.215881
905.000000;360.923920
906.000000;359.691010
907.000000;359.930481
908.000000;360.170013
909.000000;361.875458
910.000000;360.638550
911.000000;360.871552
912.000000;362.580902
913.000000;362.811279
914.000000;361.578308
915.000000;361.821747
916.000000;363.531158
917.000000;363.769287
918.000000;362.529877
919.000000;364.249634
920.000000;364.483978
921.000000;364.736511
922.000000;363.504974
923.000000;365.235168
924.000000;365.481293
925.000000;364.250916
926.000000;365.973358
927.000000;366.210327
928.000000;366.456329
929.000000;366.693268
930.000000;366.947205
931.000000;367.191895
932.000000;365.964233
933.000000;367.680145
934.000000;367.913055
935.000000;368.143463
936.000000;368.365875
937.000000;368.596313
938.000000;368.818817
939.000000;369.041229
940.000000;369.255951
941.000000;369.475861
942.000000;369.683929
943.000000;371.368378
944.000000;370.100159
945.000000;370.317413
946.000000;370.524200
947.000000;372.204742
948.000000;370.935181
949.000000;371.140656
950.000000;372.819885
951.000000;371.541168
952.000000;371.746674
953.000000;373.416718
954.000000;373.610413
955.000000;372.338257
956.000000;372.537170
957.000000;374.207245
958.000000;374.399719
959.000000;373.122223
960.000000;374.787079
961.000000;374.983307
962.000000;373.706024
963.000000;375.379974
964.000000;375.568451
965.000000;375.767395
966.000000;375.972870
967.000000;376.171814
968.000000;376.385132
969.000000;378.081451
970.000000;376.826263
971.000000;377.065735
972.000000;377.310486
973.000000;377.556580
974.000000;377.794739
975.000000;378.042114
976.000000;379.769775
977.000000;378.539520
978.000000;378.801270
979.000000;380.548523
980.000000;379.335266
981.000000;379.607483
982.000000;379.882355
983.000000;381.632294
984.000000;380.421600
985.000000;380.696442
986.000000;382.446320
987.000000;382.723846
988.000000;381.524933
989.000000;381.816833
990.000000;383.577209
991.000000;382.373077
992.000000;382.654449
993.000000;384.400452
994.000000;384.668793
995.000000;383.462036
996.000000;385.211884
997.000000;385.486786
998.000000;384.277435
999.000000;384.549652
1000.000000;386.282562
1001.000000;386.531250
1002.000000;385.303558
1003.000000;387.024628
1004.000000;387.268127
1005.000000;386.024750
1006.000000;387.731415
1007.000000;387.959198
1008.000000;388.177704
1009.000000;388.395020
1010.000000;388.618774
1011.000000;388.838745
1012.000000;390.533630
1013.000000;389.277161
1014.000000;389.514069
1015.000000;391.222076
1016.000000;389.977386
1017.000000;390.218140
1018.000000;391.936768
1019.000000;392.176239
1020.000000;390.952423
1021.000000;392.694519
1022.000000;392.952393
1023.000000;391.749542
1024.000000;393.507294
1025.000000;393.784821
1026.000000;392.593719
1027.000000;392.880371
1028.000000;394.638184
1029.000000;394.912964
1030.000000;393.715424
1031.000000;395.478394
1032.000000;395.753265
1033.000000;394.558350
1034.000000;396.314728
1035.000000;396.588348
1036.000000;396.867065
1037.000000;397.143250
1038.000000;397.429871
1039.000000;397.713867
1040.000000;396.522858
1041.000000;398.279297
1042.000000;398.545013
1043.000000;398.813354
1044.000000;399.076355
1045.000000;399.343384
1046.000000;399.603851
1047.000000;399.864349
1048.000000;400.116882
1049.000000;400.369568
1050.000000;402.095917
1051.000000;400.866882
1052.000000;401.119476
1053.000000;402.851044
1054.000000;401.623413
1055.000000;401.877258
1056.000000;403.603607
1057.000000;402.375977
1058.000000;402.618042
1059.000000;404.339233
1060.000000;404.580048
1061.000000;403.344543
1062.000000;405.070831
1063.000000;405.316895
1064.000000;405.568237
1065.000000;405.824707
1066.000000;406.091736
1067.000000;406.364014
1068.000000;406.636230
1069.000000;406.920227
1070.000000;407.204285
1071.000000;406.013214
1072.000000;407.769623
1073.000000;408.045868
1074.000000;408.315460
1075.000000;408.587646
1076.000000;408.863892
1077.000000;409.132172
1078.000000;409.405701
1079.000000;409.675354
1080.000000;409.937103
1081.000000;410.202789
1082.000000;410.463226
1083.000000;410.713318
1084.000000;412.442169
1085.000000;411.218445
1086.000000;411.475037
1087.000000;413.200012
1088.000000;411.980164
1089.000000;412.234100
1090.000000;413.952576
1091.000000;412.727478
1092.000000;412.973633
1093.000000;414.685577
1094.000000;413.443420
1095.000000;413.682983
1096.000000;415.377930
1097.000000;414.120117
1098.000000;414.343903
1099.000000;416.019287
1100.000000;416.218170
1101.000000;414.948547
1102.000000;416.626617
1103.000000;416.817596
1104.000000;415.542786
1105.000000;417.214264
1106.000000;417.400024
1107.000000;416.112152
1108.000000;417.774445
1109.000000;417.947113
1110.000000;419.604126
1111.000000;418.313660
1112.000000;418.512573
1113.000000;418.712799
1114.000000;418.915741
1115.000000;419.115936
1116.000000;420.792572
1117.000000;421.005951
1118.000000;419.752014
1119.000000;421.465302
1120.000000;421.716583
1121.000000;420.488953
1122.000000;422.241394
1123.000000;422.516296
1124.000000;421.321350
1125.000000;423.093445
1126.000000;423.395844
1127.000000;423.702118
1128.000000;424.025330
1129.000000;424.361755
1130.000000;424.707306
1131.000000;425.061951
1132.000000;425.428467
1133.000000;425.802795
1134.000000;426.181030
1135.000000;426.573700
1136.000000;426.967682
1137.000000;427.362854
1138.000000;427.767365
1139.000000;429.654663
1140.000000;428.594482
1141.000000;429.019928
1142.000000;429.451752
1143.000000;429.879791
1144.000000;430.305145
1145.000000;432.208160
1146.000000;431.159851
1147.000000;431.590424
1148.000000;433.502625
1149.000000;432.454315
1150.000000;432.886169
1151.000000;434.793121
1152.000000;433.735626
1153.000000;434.159637
1154.000000;436.049652
1155.000000;436.461945
1156.000000;435.392548
1157.000000;437.285187
1158.000000;437.688324
1159.000000;436.616302
1160.000000;438.495880
1161.000000;438.888519
1162.000000;439.275879
1163.000000;439.671204
1164.000000;440.065125
1165.000000;440.446045
1166.000000;440.836029
1167.000000;441.216919
1168.000000;443.071564
1169.000000;441.973419
1170.000000;442.360809
1171.000000;444.214142
1172.000000;443.112091
1173.000000;444.974548
1174.000000;445.352905
1175.000000;444.262512
1176.000000;446.128967
1177.000000;446.517731
1178.000000;445.424774
1179.000000;447.293854
1180.000000;447.676025
1181.000000;446.580444
1182.000000;448.437775
1183.000000;448.809509
1184.000000;447.700806
1185.000000;449.538483
1186.000000;449.894531
1187.000000;448.760956
1188.000000;450.577667
1189.000000;450.903625
1190.000000;449.742645
1191.000000;451.526581
1192.000000;451.819824
1193.000000;450.622131
1194.000000;452.368164
1195.000000;452.622101
1196.000000;451.379974
1197.000000;453.085358
1198.000000;453.292267
1199.000000;454.963562
1200.000000;453.680939
1201.000000;453.878601
1202.000000;455.543365
1203.000000;454.246307
1204.000000;454.432220
1205.000000;456.081329
1206.000000;454.771210
1207.000000;456.416443
1208.000000;456.582611
1209.000000;455.273773
1210.000000;456.918976
1211.000000;457.085205
1212.000000;455.776428
1213.000000;457.416351
1214.000000;457.575989
1215.000000;456.264557
1216.000000;457.895386
1217.000000;458.053741
1218.000000;458.209503
1219.000000;458.362640
1220.000000;458.528870
1221.000000;458.693787
1222.000000;458.857361
1223.000000;459.028809
1224.000000;459.197693
1225.000000;459.365173
1226.000000;459.541870
1227.000000;459.709442
1228.000000;459.880890
1229.000000;461.532654
1230.000000;460.232941
1231.000000;460.421448
1232.000000;462.090149
1233.000000;460.803619
1234.000000;461.005157
1235.000000;462.685730
1236.000000;461.410919
1237.000000;461.622925
1238.000000;461.831024
1239.000000;462.032593
1240.000000;462.230225
1241.000000;463.899017
1242.000000;462.611115
1243.000000;464.292969
1244.000000;463.009003
1245.000000;463.210571
1246.000000;464.889740
1247.000000;463.603241
1248.000000;463.795563
1249.000000;465.468262
1250.000000;464.169922
1251.000000;464.357056
1252.000000;466.014099
1253.000000;464.703949
1254.000000;466.358276
1255.000000;466.528503
1256.000000;465.222198
1257.000000;466.881805
1258.000000;467.050659
1259.000000;465.749664
1260.000000;467.403992
1261.000000;467.571625
1262.000000;467.744354
1263.000000;467.928925
1264.000000;468.106903
1265.000000;468.297943
1266.000000;468.490448
1267.000000;467.203796
1268.000000;468.873871
1269.000000;469.049316
1270.000000;470.710144
1271.000000;469.426208
1272.000000;469.629089
1273.000000;469.829285
1274.000000;470.041382
1275.000000;470.241669
1276.000000;470.441772
1277.000000;470.647369
1278.000000;470.845001
1279.000000;471.041260
1280.000000;471.237640
1281.000000;471.426086
1282.000000;471.613220
1283.000000;471.799103
1284.000000;473.452148
1285.000000;472.159027
1286.000000;472.346191
1287.000000;474.004486
1288.000000;472.716644
1289.000000;472.899841
1290.000000;473.084381
1291.000000;473.259766
1292.000000;473.422119
1293.000000;473.581726
1294.000000;473.730927
1295.000000;475.346069
1296.000000;474.009735
1297.000000;474.147186
1298.000000;475.754395
1299.000000;474.410248
1300.000000;474.533295
1301.000000;474.652374
1302.000000;474.761017
1303.000000;476.330322
1304.000000;474.946838
1305.000000;475.037140
1306.000000;476.593414
1307.000000;475.192932
1308.000000;475.264954
1309.000000;476.806763
1310.000000;475.385254
1311.000000;476.916718
1312.000000;476.974243
1313.000000;475.552795
1314.000000;477.086884
1315.000000;477.145691
1316.000000;477.201904
1317.000000;477.270111
1318.000000;477.340668
1319.000000;477.424500
1320.000000;477.509613
1321.000000;477.601105
1322.000000;477.698059
1323.000000;477.804077
1324.000000;479.392914
1325.000000;478.035797
1326.000000;478.175751
1327.000000;478.322266
1328.000000;478.467682
1329.000000;478.620697
1330.000000;478.776459
1331.000000;478.933655
1332.000000;480.576050
1333.000000;479.268707
1334.000000;479.455841
1335.000000;479.645538
1336.000000;479.832794
1337.000000;480.022491
1338.000000;480.210968
1339.000000;480.398224
1340.000000;482.072113
1341.000000;480.785553
1342.000000;480.989807
1343.000000;482.678070
1344.000000;481.408630
1345.000000;481.627167
1346.000000;481.840393
1347.000000;482.051239
1348.000000;483.742218
1349.000000;482.469971
1350.000000;482.684784
1351.000000;484.378326
1352.000000;483.110016
1353.000000;484.805054
1354.000000;485.026123
1355.000000;483.776306
1356.000000;485.494781
1357.000000;484.246063
1358.000000;484.479156
1359.000000;486.183167
1360.000000;484.929291
1361.000000;485.150574
1362.000000;486.837585
1363.000000;485.568054
1364.000000;485.776184
1365.000000;487.444824
1366.000000;486.153137
1367.000000;487.814026
1368.000000;487.997131
1369.000000;486.701569
1370.000000;488.354553
1371.000000;487.053528
1372.000000;487.219879
1373.000000;488.845276
1374.000000;487.513031
1375.000000;489.120270
1376.000000;489.254944
1377.000000;487.903076
1378.000000;489.499786
1379.000000;489.616211
1380.000000;489.724945
1381.000000;489.842651
1382.000000;489.959167
1383.000000;490.070496
1384.000000;491.669769
1385.000000;490.319122
1386.000000;490.452637
1387.000000;492.068939
1388.000000;490.735382
1389.000000;490.889709
1390.000000;491.041565
1391.000000;491.190826
1392.000000;492.822906
1393.000000;491.498383
1394.000000;491.660675
1395.000000;493.301880
1396.000000;491.991821
1397.000000;492.161926
1398.000000;492.333344
1399.000000;492.493134
1400.000000;494.135681
1401.000000;492.818939
1402.000000;492.983917
1403.000000;494.630371
1404.000000;493.313721
1405.000000;493.483917
1406.000000;495.123810
1407.000000;493.805847
1408.000000;493.974701
1409.000000;495.608032
1410.000000;494.287506
1411.000000;495.926117
1412.000000;494.606873
1413.000000;494.769196
1414.000000;496.396027
1415.000000;495.063660
1416.000000;496.694458
1417.000000;496.841003
1418.000000;495.516510
1419.000000;497.145935
1420.000000;497.301758
1421.000000;497.458832
1422.000000;497.623657
1423.000000;496.317505
1424.000000;497.964020
1425.000000;498.132843
1426.000000;498.299072
1427.000000;498.474426
1428.000000;498.652466
1429.000000;498.839691
1430.000000;499.026733
1431.000000;499.213959
1432.000000;499.414215
1433.000000;499.605316
1434.000000;499.809479
1435.000000;500.005737
1436.000000;500.207397
1437.000000;500.410187
1438.000000;500.610413
1439.000000;499.331757
1440.000000;501.003113
1441.000000;501.177216
1442.000000;501.357880
1443.000000;501.530548
1444.000000;500.219147
1445.000000;501.865662
1446.000000;502.004333
1447.000000;502.145752
1448.000000;502.284515
1449.000000;502.411407
1450.000000;502.543640
1451.000000;502.665253
1452.000000;502.779236
1453.000000;502.894379
1454.000000;503.000305
1455.000000;503.097321
1456.000000;503.194092
1457.000000;503.273926
1458.000000;503.357788
1459.000000;503.427002
1460.000000;503.493866
1461.000000;503.555359
1462.000000;503.601074
1463.000000;503.648315
1464.000000;503.681000
1465.000000;505.190033
1466.000000;503.741272
1467.000000;503.771240
1468.000000;503.798828
1469.000000;503.813202
1470.000000;505.303894
1471.000000;503.838074
1472.000000;503.847260
1473.000000;505.335266
1474.000000;503.864258
1475.000000;505.348419
1476.000000;503.891693
1477.000000;503.898346
1478.000000;505.386322
1479.000000;503.919189
1480.000000;503.924469
1481.000000;503.934875
1482.000000;503.925842
1483.000000;505.390320
1484.000000;503.906067
1485.000000;503.894379
1486.000000;505.357605
1487.000000;503.868164
1488.000000;505.328857
1489.000000;505.328796
1490.000000;503.848511
1491.000000;505.330139
1492.000000;505.348450
1493.000000;505.360229
1494.000000;505.404755
1495.000000;503.966278
1496.000000;505.492462
1497.000000;505.552612
1498.000000;505.607483
1499.000000;505.687469
1500.000000;505.772491
1501.000000;505.869324
1502.000000;505.988525
1503.000000;506.099640
1504.000000;506.239807
1505.000000;506.381134
1506.000000;506.530273
1507.000000;506.700531
1508.000000;506.866699
1509.000000;507.049896
1510.000000;505.762085
1511.000000;507.425537
1512.000000;506.138977
1513.000000;507.795959
1514.000000;507.977875
1515.000000;508.163727
1516.000000;508.352264
1517.000000;508.552429
1518.000000;508.754089
1519.000000;508.960785
1520.000000;509.171509
1521.000000;509.386230
1522.000000;509.603394
1523.000000;509.828644
1524.000000;510.047150
1525.000000;510.272217
1526.000000;510.497406
1527.000000;510.721130
1528.000000;510.952911
1529.000000;511.174011
1530.000000;511.396606
1531.000000;511.623016
1532.000000;511.841522
1533.000000;513.544434
1534.000000;512.283936
1535.000000;513.993286
1536.000000;514.240723
1537.000000;513.006409
1538.000000;514.749817
1539.000000;513.531250
1540.000000;515.273315
1541.000000;515.550842
1542.000000;514.345276
1543.000000;516.113647
1544.000000;514.918640
1545.000000;516.678955
1546.000000;516.970886
1547.000000;517.257385
1548.000000;517.566406
1549.000000;516.396301
1550.000000;518.176270
1551.000000;518.489136
1552.000000;518.790100
1553.000000;519.112122
1554.000000;517.947266
1555.000000;519.733826
1556.000000;520.046692
1557.000000;520.345032
1558.000000;520.656616
1559.000000;519.483826
1560.000000;521.258606
1561.000000;521.549194
1562.000000;520.350342
1563.000000;522.101440
1564.000000;522.363342
1565.000000;522.615845
1566.000000;522.867126
1567.000000;524.593567
1568.000000;523.365784
1569.000000;523.623718
1570.000000;523.868347
1571.000000;524.114441
1572.000000;525.825134
1573.000000;524.586914
1574.000000;524.821289
1575.000000;525.048950
1576.000000;525.274048
1577.000000;526.955994
1578.000000;525.687622
1579.000000;527.370972
1580.000000;526.099976
1581.000000;526.304077
1582.000000;527.969055
1583.000000;526.681091
1584.000000;528.339417
1585.000000;528.526550
1586.000000;527.228149
1587.000000;528.887878
1588.000000;527.586792
1589.000000;529.234680
1590.000000;529.402161
1591.000000;529.567078
1592.000000;529.738525
1593.000000;528.438843
1594.000000;530.078857
1595.000000;530.245056
1596.000000;530.403442
1597.000000;530.567017
1598.000000;530.731934
1599.000000;530.895508
1600.000000;531.065735
1601.000000;531.229248
1602.000000;531.394226
1603.000000;531.559143
1604.000000;531.722656
1605.000000;531.890320
1606.000000;532.044678
1607.000000;532.206970
1608.000000;533.841797
1609.000000;532.524902
1610.000000;534.178162
1611.000000;532.871887
1612.000000;533.057678
1613.000000;534.716125
1614.000000;533.420227
1615.000000;535.089050
1616.000000;533.802490
1617.000000;534.002625
1618.000000;535.672791
1619.000000;534.384827
1620.000000;536.064148
1621.000000;534.784058
1622.000000;534.982910
1623.000000;536.654480
1624.000000;535.366455
1625.000000;537.039246
1626.000000;535.752563
1627.000000;535.944946
1628.000000;537.604736
1629.000000;536.303528
1630.000000;537.961975
1631.000000;536.655701
1632.000000;538.304871
1633.000000;538.477722
1634.000000;537.171265
1635.000000;538.821899
1636.000000;537.510315
1637.000000;539.149048
1638.000000;539.310120
1639.000000;539.468323
1640.000000;539.634705
1641.000000;538.325684
1642.000000;539.965759
1643.000000;538.646484
1644.000000;540.269409
1645.000000;540.412170
1646.000000;539.074341
1647.000000;540.683044
1648.000000;539.336243
1649.000000;540.925049
1650.000000;541.036499
1651.000000;541.139709
1652.000000;541.245850
1653.000000;542.837402
1654.000000;541.468201
1655.000000;541.604492
1656.000000;541.720886
1657.000000;541.853149
1658.000000;543.455078
1659.000000;542.106995
1660.000000;543.729980
1661.000000;542.397461
1662.000000;542.559998
1663.000000;542.708984
1664.000000;542.860901
1665.000000;544.491760
1666.000000;543.157898
1667.000000;544.802002
1668.000000;543.486450
1669.000000;545.138306
1670.000000;545.315002
1671.000000;545.500671
1672.000000;545.709045
1673.000000;544.447021
1674.000000;546.147461
1675.000000;544.893494
1676.000000;546.593628
1677.000000;546.829407
1678.000000;547.060852
1679.000000;547.317505
1680.000000;547.572571
1681.000000;547.844971
1682.000000;548.125061
1683.000000;548.407593
1684.000000;548.706299
1685.000000;549.004456
1686.000000;549.314758
1687.000000;551.106567
1688.000000;549.952148
1689.000000;550.302917
1690.000000;552.122070
1691.000000;551.004517
1692.000000;552.853760
1693.000000;551.755676
1694.000000;553.627380
1695.000000;552.543579
1696.000000;552.961182
1697.000000;554.840637
1698.000000;553.775208
1699.000000;555.673096
1700.000000;554.611572
1701.000000;555.042236
1702.000000;556.929443
1703.000000;555.875977
1704.000000;557.767151
1705.000000;556.708313
1706.000000;558.602295
1707.000000;557.530212
1708.000000;557.945251
1709.000000;559.811584
1710.000000;558.726562
1711.000000;560.579895
1712.000000;559.476440
1713.000000;561.319397
1714.000000;561.671387
1715.000000;560.548523
1716.000000;562.370361
1717.000000;561.222412
1718.000000;563.020935
1719.000000;561.842834
1720.000000;563.615112
1721.000000;563.889832
1722.000000;564.158203
1723.000000;564.426575
1724.000000;563.198792
1725.000000;564.922668
1726.000000;563.659424
1727.000000;565.342773
1728.000000;565.527222
1729.000000;565.694763
1730.000000;565.870239
1731.000000;566.015381
1732.000000;566.167297
1733.000000;566.292908
1734.000000;566.418579
1735.000000;566.528503
1736.000000;566.622681
1737.000000;566.715759
1738.000000;566.786316
1739.000000;566.854370
1740.000000;568.379211
1741.000000;566.953857
1742.000000;566.998413
1743.000000;567.031006
1744.000000;567.053345
1745.000000;568.541565
1746.000000;567.067688
1747.000000;568.553284
1748.000000;567.072937
1749.000000;568.552002
1750.000000;568.553284
1751.000000;567.076843
1752.000000;568.563782
1753.000000;567.076904
1754.000000;568.562439
1755.000000;568.554504
1756.000000;567.080872
1757.000000;568.562378
1758.000000;567.083435
1759.000000;568.565063
1760.000000;567.075500
1761.000000;568.557251
1762.000000;568.538818
1763.000000;567.070435
1764.000000;568.538879
1765.000000;567.062500
1766.000000;568.532349
1767.000000;567.045410
1768.000000;568.515381
1769.000000;568.500854
1770.000000;567.024597
1771.000000;568.489136
1772.000000;567.011475
1773.000000;568.476074
1774.000000;568.465576
1775.000000;568.460388
1776.000000;568.465515
1777.000000;567.002319
1778.000000;568.489136
1779.000000;567.023193
1780.000000;568.506165
1781.000000;567.034973
1782.000000;568.513977
1783.000000;568.519287
1784.000000;567.042908
1785.000000;568.533691
1786.000000;567.055908
1787.000000;568.537659
1788.000000;567.055908
1789.000000;568.533630
1790.000000;568.532349
1791.000000;568.529663
1792.000000;568.546814
1793.000000;567.080811
1794.000000;568.580750
1795.000000;567.109619
1796.000000;568.601746
1797.000000;567.131836
1798.000000;568.616089
1799.000000;567.144958
1800.000000;568.621277
1801.000000;568.625244
1802.000000;568.625244
1803.000000;568.642273
1804.000000;567.184265
1805.000000;568.681519
1806.000000;567.218201
1807.000000;568.713013
1808.000000;567.245728
1809.000000;568.729980
1810.000000;568.737793
1811.000000;568.749634
1812.000000;568.775757
1813.000000;568.796631
1814.000000;568.841248
1815.000000;568.877869
1816.000000;568.934204
1817.000000;570.468079
1818.000000;569.066345
1819.000000;569.161926
1820.000000;569.257324
1821.000000;569.373962
1822.000000;569.474609
1823.000000;569.604370
1824.000000;571.201050
1825.000000;569.869934
1826.000000;571.502075
1827.000000;570.197144
1828.000000;571.864624
1829.000000;572.063538
1830.000000;572.293945
1831.000000;572.538635
1832.000000;572.818787
1833.000000;573.109375
1834.000000;573.429993
1835.000000;573.767639
1836.000000;574.128906
1837.000000;574.501892
1838.000000;574.905029
1839.000000;575.315979
1840.000000;575.749207
1841.000000;576.196838
1842.000000;576.658875
1843.000000;577.135315
1844.000000;577.616882
1845.000000;578.120850
1846.000000;578.624756
1847.000000;579.145691
1848.000000;579.663879
1849.000000;580.199341
1850.000000;579.254272
1851.000000;581.260681
1852.000000;581.786987
1853.000000;582.301208
1854.000000;582.827454
1855.000000;583.341797
1856.000000;583.864075
1857.000000;584.370483
1858.000000;584.882324
1859.000000;583.903259
1860.000000;585.865173
1861.000000;586.329895
1862.000000;586.780090
1863.000000;587.226440
1864.000000;587.649170
1865.000000;588.070618
1866.000000;588.468506
1867.000000;588.862488
1868.000000;587.747253
1869.000000;589.573181
1870.000000;589.888550
1871.000000;590.180481
1872.000000;590.460571
1873.000000;590.713135
1874.000000;590.954041
1875.000000;591.161987
1876.000000;591.361145
1877.000000;591.528503
1878.000000;591.679077
1879.000000;591.800842
1880.000000;591.904175
1881.000000;591.984131
1882.000000;592.033691
1883.000000;592.069214
1884.000000;593.550659
1885.000000;592.069214
1886.000000;593.524475
1887.000000;592.015442
1888.000000;593.444763
1889.000000;591.908020
1890.000000;593.311218
1891.000000;593.227356
1892.000000;593.137207
1893.000000;593.050659
1894.000000;591.480103
1895.000000;592.853149
1896.000000;591.262878
1897.000000;592.608337
1898.000000;592.480042
1899.000000;592.332214
1900.000000;592.202576
1901.000000;592.061218
1902.000000;591.930298
1903.000000;591.792969
1904.000000;591.659302
1905.000000;593.010193
1906.000000;591.406738
1907.000000;591.308716
1908.000000;591.196045
1909.000000;591.105774
1910.000000;590.999817
1911.000000;590.916016
1912.000000;592.299561
1913.000000;590.747070
1914.000000;592.166016
1915.000000;590.639771
1916.000000;592.092712
1917.000000;590.591309
1918.000000;592.078369
1919.000000;590.604431
1920.000000;590.642517
1921.000000;592.146240
1922.000000;590.723694
1923.000000;592.256287
1924.000000;590.862366
1925.000000;592.430359
1926.000000;591.054688
1927.000000;592.660828
1928.000000;591.305969
1929.000000;591.463196
1930.000000;591.600403
1931.000000;591.760254
1932.000000;593.384399
1933.000000;592.074341
1934.000000;593.727356
1935.000000;592.434326
1936.000000;594.112183
1937.000000;592.837341
1938.000000;594.536255
1939.000000;593.275818
1940.000000;594.994385
1941.000000;593.748291
1942.000000;594.004944
1943.000000;594.241699
1944.000000;594.487915
1945.000000;594.714233
1946.000000;594.949829
1947.000000;596.650024
1948.000000;595.394775
1949.000000;597.104248
1950.000000;595.856812
1951.000000;597.570251
1952.000000;596.324036
1953.000000;598.041321
1954.000000;596.795288
1955.000000;598.513733
1956.000000;597.269165
1957.000000;598.979675
1958.000000;597.733887
1959.000000;599.443054
1960.000000;598.189270
1961.000000;598.411682
1962.000000;598.615906
1963.000000;598.816162
1964.000000;600.467834
1965.000000;599.163025
1966.000000;600.808105
1967.000000;599.487610
1968.000000;601.126160
1969.000000;599.791321
1970.000000;599.931274
1971.000000;601.530701
1972.000000;600.166870
1973.000000;601.751892
1974.000000;600.365784
1975.000000;601.939026
1976.000000;600.537292
1977.000000;602.090759
1978.000000;602.152405
1979.000000;602.216370
1980.000000;602.278076
1981.000000;602.343384
1982.000000;602.410278
1983.000000;600.995300
1984.000000;602.531982
1985.000000;601.098755
1986.000000;602.613098
1987.000000;602.639282
1988.000000;602.664001
1989.000000;602.689026
1990.000000;602.712463
1991.000000;602.740112
1992.000000;602.760864
1993.000000;602.788513
1994.000000;601.330322
1995.000000;602.825134
1996.000000;602.823730
1997.000000;602.829102
1998.000000;602.827759
1999.000000;602.827698
2000.000000;602.829041
2001.000000;602.825012
2002.000000;602.826477
2003.000000;602.821045
2004.000000;602.826477
2005.000000;602.815857
2006.000000;602.817322
2007.000000;604.290894
2008.000000;602.818665
2009.000000;602.832886
2010.000000;602.847412
2011.000000;602.864380
2012.000000;602.872253
2013.000000;602.891846
2014.000000;602.895691
2015.000000;602.911560
2016.000000;602.919189
2017.000000;602.933838
2018.000000;602.940186
2019.000000;602.949524
2020.000000;602.957214
2021.000000;602.963867
2022.000000;604.448059
2023.000000;602.982117
2024.000000;604.487305
2025.000000;603.039673
2026.000000;603.088196
2027.000000;603.122131
2028.000000;603.169434
2029.000000;603.204529
2030.000000;603.245361
2031.000000;603.279175
2032.000000;603.315979
2033.000000;603.348572
2034.000000;603.378662
2035.000000;604.890442
2036.000000;603.447998
2037.000000;604.974243
2038.000000;603.550110
2039.000000;605.092041
2040.000000;603.686218
2041.000000;605.241211
2042.000000;603.852478
2043.000000;605.424500
2044.000000;604.046204
2045.000000;604.160156
2046.000000;604.259521
2047.000000;604.366943
2048.000000;605.937500
2049.000000;604.568481
2050.000000;606.150879
2051.000000;604.790955
2052.000000;606.390381
2053.000000;605.036987
2054.000000;606.646973
2055.000000;605.301331
2056.000000;606.919189
2057.000000;607.064331
2058.000000;607.220215
2059.000000;607.388977
2060.000000;606.097229
2061.000000;607.755432
2062.000000;606.470215
2063.000000;608.129761
2064.000000;606.843201
2065.000000;608.510681
2066.000000;607.220093
2067.000000;608.891602
2068.000000;607.595703
2069.000000;609.267273
2070.000000;609.446411
2071.000000;609.644226
2072.000000;609.837769
2073.000000;610.049988
2074.000000;610.259216
2075.000000;610.481812
2076.000000;610.703003
2077.000000;609.456909
2078.000000;611.155884
2079.000000;609.897888
2080.000000;611.582581
2081.000000;610.307617
2082.000000;611.980469
2083.000000;610.688477
2084.000000;612.345642
2085.000000;611.031433
2086.000000;612.671570
2087.000000;611.339050
2088.000000;612.958008
2089.000000;613.081177
2090.000000;613.208008
2091.000000;613.335083
2092.000000;613.454041
2093.000000;613.581177
2094.000000;613.698792
2095.000000;613.818115
2096.000000;613.931763
2097.000000;614.045776
2098.000000;615.634644
2099.000000;614.270874
2100.000000;615.875427
2101.000000;614.524719
2102.000000;616.142578
2103.000000;614.803467
2104.000000;616.434448
2105.000000;615.104553
2106.000000;616.745911
2107.000000;615.425110
2108.000000;617.078369
2109.000000;615.764160
2110.000000;617.423889
2111.000000;617.597839
2112.000000;617.791687
2113.000000;617.993103
2114.000000;618.210449
2115.000000;618.435547
2116.000000;618.675049
2117.000000;618.923767
2118.000000;619.181519
2119.000000;619.452576
2120.000000;618.248291
2121.000000;620.000977
2122.000000;620.275757
2123.000000;620.549377
2124.000000;620.837219
2125.000000;621.123962
2126.000000;621.422302
2127.000000;621.716858
2128.000000;622.021729
2129.000000;622.324097
2130.000000;622.632935
2131.000000;622.935303
2132.000000;623.248169
2133.000000;623.550415
2134.000000;623.863342
2135.000000;624.162964
2136.000000;624.469299
2137.000000;626.244080
2138.000000;625.070068
2139.000000;626.860474
2140.000000;625.693054
2141.000000;627.493958
2142.000000;626.335693
2143.000000;628.140503
2144.000000;626.987488
2145.000000;628.794922
2146.000000;627.641907
2147.000000;629.449341
2148.000000;628.293701
2149.000000;630.098572
2150.000000;628.936279
2151.000000;629.258301
2152.000000;629.552734
2153.000000;629.846069
2154.000000;631.587952
2155.000000;630.377441
2156.000000;632.107544
2157.000000;630.880005
2158.000000;632.594421
2159.000000;631.349854
2160.000000;633.046021
2161.000000;631.781738
2162.000000;633.455627
2163.000000;632.170532
2164.000000;633.823486
2165.000000;632.512024
2166.000000;634.144165
2167.000000;632.802612
2168.000000;634.415161
2169.000000;633.043335
2170.000000;634.629822
2171.000000;633.230469
2172.000000;634.786865
2173.000000;634.843018
2174.000000;634.898132
2175.000000;634.946411
2176.000000;634.993652
2177.000000;635.035400
2178.000000;635.073547
2179.000000;635.104797
2180.000000;635.132385
2181.000000;635.157166
2182.000000;635.175537
2183.000000;635.189880
2184.000000;635.199097
2185.000000;635.205627
2186.000000;635.206909
2187.000000;635.200378
2188.000000;636.675476
2189.000000;635.187256
2190.000000;636.675476
2191.000000;635.197754
2192.000000;636.697754
2193.000000;635.231750
2194.000000;636.744812
2195.000000;635.290710
2196.000000;636.812927
2197.000000;635.371826
2198.000000;636.903259
2199.000000;635.475281
2200.000000;637.017090
2201.000000;635.596924
2202.000000;637.153198
2203.000000;635.739624
2204.000000;637.307617
2205.000000;637.380920
2206.000000;637.488220
2207.000000;637.591614
2208.000000;637.727722
2209.000000;637.858643
2210.000000;638.022217
2211.000000;638.179321
2212.000000;636.888733
2213.000000;638.540588
2214.000000;637.251282
2215.000000;638.907104
2216.000000;637.619019
2217.000000;639.277527
2218.000000;637.985535
2219.000000;639.646606
2220.000000;638.351990
2221.000000;640.009155
2222.000000;638.709290
2223.000000;640.362488
2224.000000;639.057495
2225.000000;640.704041
2226.000000;639.392578
2227.000000;641.029968
2228.000000;639.709351
2229.000000;641.337524
2230.000000;640.006470
2231.000000;641.622864
2232.000000;640.277344
2233.000000;641.884583
2234.000000;640.523438
2235.000000;642.118896
2236.000000;640.741943
2237.000000;642.321777
2238.000000;640.930420
2239.000000;642.495850
2240.000000;641.086182
2241.000000;642.634583
2242.000000;641.207947
2243.000000;642.740601
2244.000000;641.295593
2245.000000;642.809937
2246.000000;641.348022
2247.000000;642.845215
2248.000000;642.844055
2249.000000;642.853088
2250.000000;642.854492
2251.000000;642.867493
2252.000000;642.870239
2253.000000;642.884521
2254.000000;642.891174
2255.000000;642.909363
2256.000000;642.917297
2257.000000;642.936890
2258.000000;642.948730
2259.000000;642.969666
2260.000000;642.985352
2261.000000;643.007568
2262.000000;643.024597
2263.000000;643.049438
2264.000000;643.069153
2265.000000;643.095276
2266.000000;643.116272
2267.000000;643.144958
2268.000000;643.168579
2269.000000;643.198608
2270.000000;643.223572
2271.000000;643.254883
2272.000000;643.281189
2273.000000;643.312500
2274.000000;643.342712
2275.000000;643.372681
2276.000000;643.405579
2277.000000;643.435486
2278.000000;643.469666
2279.000000;644.978638
2280.000000;643.544250
2281.000000;645.074219
2282.000000;643.659424
2283.000000;645.210327
2284.000000;643.815186
2285.000000;643.906738
2286.000000;643.998413
2287.000000;644.089966
2288.000000;644.177734
2289.000000;644.266663
2290.000000;644.350525
2291.000000;644.436829
2292.000000;644.516724
2293.000000;644.596497
2294.000000;644.673767
2295.000000;644.745728
2296.000000;644.818970
2297.000000;644.883118
2298.000000;644.949890
2299.000000;645.007446
2300.000000;645.067688
2301.000000;645.116089
2302.000000;645.169800
2303.000000;645.209045
2304.000000;645.253540
2305.000000;645.284973
2306.000000;645.318909
2307.000000;645.342590
2308.000000;645.367371
2309.000000;646.860840
2310.000000;645.406616
2311.000000;645.432922
2312.000000;645.458984
2313.000000;645.474792
2314.000000;645.487793
2315.000000;645.495728
2316.000000;645.499573
2317.000000;645.495667
2318.000000;645.490417
2319.000000;646.955017
2320.000000;645.474731
2321.000000;646.947144
2322.000000;645.478699
2323.000000;646.961548
2324.000000;645.502197
2325.000000;646.999512
2326.000000;645.546692
2327.000000;647.057129
2328.000000;645.616089
2329.000000;647.136963
2330.000000;645.705078
2331.000000;647.237732
2332.000000;645.813660
2333.000000;647.359497
2334.000000;645.943298
2335.000000;647.499573
2336.000000;646.089844
2337.000000;647.657959
2338.000000;646.258667
2339.000000;647.831970
2340.000000;647.919617
2341.000000;648.032227
2342.000000;648.148621
2343.000000;648.286133
2344.000000;648.430054
2345.000000;648.593689
2346.000000;648.761169
2347.000000;647.472046
2348.000000;649.130249
2349.000000;649.322754
2350.000000;649.513733
2351.000000;649.727173
2352.000000;649.936462
2353.000000;650.169556
2354.000000;650.398499
2355.000000;650.645996
2356.000000;650.889343
2357.000000;651.152466
2358.000000;651.406311
2359.000000;651.685181
2360.000000;651.948181
2361.000000;652.234924
2362.000000;652.507080
2363.000000;652.797668
2364.000000;653.079041
2365.000000;653.368347
2366.000000;653.652283
2367.000000;653.944153
2368.000000;654.225586
2369.000000;654.520142
2370.000000;654.794922
2371.000000;655.082886
2372.000000;655.352478
2373.000000;655.635193
2374.000000;655.895691
2375.000000;656.165283
2376.000000;656.414001
2377.000000;656.671753
2378.000000;656.907471
2379.000000;657.149475
2380.000000;657.368225
2381.000000;657.593140
2382.000000;657.796143
2383.000000;657.996277
2384.000000;658.179626
2385.000000;658.360107
2386.000000;658.521301
2387.000000;658.676880
2388.000000;658.813171
2389.000000;658.946472
2390.000000;659.059143
2391.000000;659.163757
2392.000000;659.248962
2393.000000;659.328674
2394.000000;659.385010
2395.000000;659.440002
2396.000000;659.467529
2397.000000;659.491028
2398.000000;659.493652
2399.000000;659.489685
2400.000000;659.463562
2401.000000;657.951843
2402.000000;659.366699
2403.000000;657.807861
2404.000000;659.175598
2405.000000;657.565735
2406.000000;658.889038
2407.000000;657.231995
2408.000000;658.512024
2409.000000;656.809143
2410.000000;658.047485
2411.000000;656.304016
2412.000000;657.498901
2413.000000;657.195374
2414.000000;656.882446
2415.000000;656.563171
2416.000000;656.237183
2417.000000;655.902222
2418.000000;655.565796
2419.000000;655.220398
2420.000000;654.875977
2421.000000;654.526672
2422.000000;654.175781
2423.000000;653.821228
2424.000000;653.470398
2425.000000;653.114380
2426.000000;652.766235
2427.000000;652.414124
2428.000000;652.069946
2429.000000;653.205994
2430.000000;651.399780
2431.000000;651.089600
2432.000000;650.782043
2433.000000;651.962646
2434.000000;650.203552
2435.000000;651.420776
2436.000000;649.699707
2437.000000;649.474548
2438.000000;649.265076
2439.000000;650.539917
2440.000000;648.881653
2441.000000;650.200928
2442.000000;648.583191
2443.000000;649.950989
2444.000000;648.377686
2445.000000;649.791321
2446.000000;648.262573
2447.000000;648.246887
2448.000000;648.232422
2449.000000;648.242920
2450.000000;648.254700
2451.000000;648.292664
2452.000000;648.330566
2453.000000;648.393494
2454.000000;648.458862
2455.000000;648.545349
2456.000000;648.635498
2457.000000;648.748169
2458.000000;648.865906
2459.000000;648.998108
2460.000000;649.138123
2461.000000;649.295227
2462.000000;649.457458
2463.000000;649.635559
2464.000000;649.814758
2465.000000;650.016418
2466.000000;650.212646
2467.000000;650.431335
2468.000000;652.122253
2469.000000;650.890747
2470.000000;652.615723
2471.000000;651.418152
2472.000000;653.174561
2473.000000;652.008484
2474.000000;653.796204
2475.000000;654.135315
2476.000000;654.482056
2477.000000;653.385376
2478.000000;655.247742
2479.000000;654.171997
2480.000000;656.055359
2481.000000;654.993896
2482.000000;656.894287
2483.000000;655.848511
2484.000000;657.758118
2485.000000;658.200562
2486.000000;658.650757
2487.000000;659.119324
2488.000000;659.593140
2489.000000;660.083923
2490.000000;660.576111
2491.000000;661.082581
2492.000000;661.589111
2493.000000;662.109924
2494.000000;662.624390
2495.000000;663.149109
2496.000000;663.672852
2497.000000;664.200134
2498.000000;664.721191
2499.000000;665.244568
2500.000000;665.763062
2501.000000;666.278503
2502.000000;666.783936
2503.000000;667.286377
2504.000000;667.777344
2505.000000;668.264038
2506.000000;668.735291
2507.000000;669.198608
2508.000000;669.643677
2509.000000;670.082092
2510.000000;670.500916
2511.000000;670.905334
2512.000000;671.290161
2513.000000;671.661865
2514.000000;672.011353
2515.000000;672.345093
2516.000000;672.652710
2517.000000;672.944519
2518.000000;673.212830
2519.000000;673.458923
2520.000000;673.681396
2521.000000;673.881714
2522.000000;674.057007
2523.000000;674.208862
2524.000000;674.335815
2525.000000;674.436584
2526.000000;674.513794
2527.000000;674.566223
2528.000000;674.590942
2529.000000;676.070068
2530.000000;674.575256
2531.000000;676.026855
2532.000000;674.499329
2533.000000;675.916931
2534.000000;674.361938
2535.000000;675.754578
2536.000000;674.165588
2537.000000;675.529480
2538.000000;673.913086
2539.000000;675.250732
2540.000000;673.606750
2541.000000;674.918213
2542.000000;673.246887
2543.000000;674.533386
2544.000000;672.839783
2545.000000;674.104126
2546.000000;672.388306
2547.000000;673.630310
2548.000000;671.897461
2549.000000;673.121216
2550.000000;671.368713
2551.000000;672.578064
2552.000000;670.809814
2553.000000;672.006104
2554.000000;671.705017
2555.000000;671.424927
2556.000000;671.133118
2557.000000;669.387085
2558.000000;670.579468
2559.000000;670.307251
2560.000000;670.027222
2561.000000;668.291565
2562.000000;669.503662
2563.000000;667.768005
2564.000000;668.980103
2565.000000;667.248413
2566.000000;668.467102
2567.000000;666.737976
2568.000000;667.964478
2569.000000;667.720886
2570.000000;667.493286
2571.000000;665.798218
2572.000000;667.070557
2573.000000;666.868896
2574.000000;666.687012
2575.000000;666.520752
2576.000000;666.372864
2577.000000;666.245972
2578.000000;666.134644
2579.000000;666.048340
2580.000000;665.974915
2581.000000;665.925293
2582.000000;665.892517
2583.000000;665.884766
2584.000000;665.889832
2585.000000;665.921387
2586.000000;665.967102
2587.000000;666.039185
2588.000000;666.124146
2589.000000;666.232849
2590.000000;666.358459
2591.000000;666.502441
2592.000000;666.667419
2593.000000;666.846619
2594.000000;667.048279
2595.000000;667.261597
2596.000000;667.493225
2597.000000;667.744568
2598.000000;668.007568
2599.000000;668.289001
2600.000000;668.575623
2601.000000;668.888489
2602.000000;669.201233
2603.000000;669.535034
2604.000000;669.871338
2605.000000;670.227478
2606.000000;670.583374
2607.000000;670.956421
2608.000000;671.328064
2609.000000;671.715576
2610.000000;672.097656
2611.000000;672.495667
2612.000000;672.886902
2613.000000;673.288757
2614.000000;673.691833
2615.000000;674.092346
2616.000000;674.495483
2617.000000;674.897278
2618.000000;675.295166
2619.000000;675.694397
2620.000000;676.081787
2621.000000;676.474426
2622.000000;676.850037
2623.000000;677.230957
2624.000000;677.592163
2625.000000;677.957397
2626.000000;678.300232
2627.000000;678.647095
2628.000000;678.967773
2629.000000;679.292358
2630.000000;679.588196
2631.000000;679.885193
2632.000000;680.157471
2633.000000;680.424438
2634.000000;682.146912
2635.000000;680.914001
2636.000000;682.625916
2637.000000;681.381226
2638.000000;683.077454
2639.000000;681.818420
2640.000000;683.500244
2641.000000;682.222839
2642.000000;683.887634
2643.000000;682.591919
2644.000000;684.234497
2645.000000;682.921753
2646.000000;684.546021
2647.000000;683.207092
2648.000000;684.809143
2649.000000;683.447876
2650.000000;685.028992
2651.000000;683.640259
2652.000000;685.197876
2653.000000;685.263184
2654.000000;685.328735
2655.000000;685.388855
2656.000000;685.450500
2657.000000;685.502686
2658.000000;685.559082
2659.000000;685.608765
2660.000000;685.655945
2661.000000;685.699097
2662.000000;685.738281
2663.000000;685.780273
2664.000000;685.809021
2665.000000;685.843079
2666.000000;685.866577
2667.000000;685.895508
2668.000000;685.909729
2669.000000;685.928162
2670.000000;687.414917
2671.000000;685.960876
2672.000000;687.458130
2673.000000;686.014526
2674.000000;687.530151
2675.000000;686.095642
2676.000000;687.627014
2677.000000;686.199036
2678.000000;687.744873
2679.000000;686.328613
2680.000000;687.883484
2681.000000;686.481812
2682.000000;686.565552
2683.000000;686.644043
2684.000000;686.717346
2685.000000;686.784119
2686.000000;686.846924
2687.000000;686.899353
2688.000000;686.951599
2689.000000;686.992188
2690.000000;687.030212
2691.000000;688.539246
2692.000000;687.093018
2693.000000;688.609985
2694.000000;687.174194
2695.000000;688.697571
2696.000000;687.265869
2697.000000;687.316711
2698.000000;687.362610
2699.000000;688.879517
2700.000000;687.438599
2701.000000;687.481689
2702.000000;688.996033
2703.000000;687.558960
2704.000000;689.074585
2705.000000;687.644104
2706.000000;689.164856
2707.000000;687.740906
2708.000000;689.265625
2709.000000;687.841675
2710.000000;689.374268
2711.000000;687.954224
2712.000000;689.490723
2713.000000;688.070740
2714.000000;689.613770
2715.000000;689.676697
2716.000000;689.753784
2717.000000;689.837646
2718.000000;689.937073
2719.000000;690.041809
2720.000000;690.168762
2721.000000;690.289124
2722.000000;690.435791
2723.000000;690.579712
2724.000000;689.264343
2725.000000;690.897766
2726.000000;689.577148
2727.000000;691.209290
2728.000000;689.882141
2729.000000;691.508972
2730.000000;690.175354
2731.000000;691.799561
2732.000000;691.933105
2733.000000;692.084839
2734.000000;692.227600
2735.000000;692.392456
2736.000000;692.546936
2737.000000;692.716980
2738.000000;692.883301
2739.000000;693.058655
2740.000000;693.236694
2741.000000;691.937012
2742.000000;693.588684
2743.000000;693.755066
2744.000000;693.922485
2745.000000;694.090027
2746.000000;694.260132
2747.000000;694.430420
2748.000000;694.601746
2749.000000;694.769348
2750.000000;694.938110
2751.000000;695.109680
2752.000000;695.273132
2753.000000;695.440857
2754.000000;697.080627
2755.000000;695.777161
2756.000000;697.432739
2757.000000;696.139648
2758.000000;697.809753
2759.000000;696.527039
2760.000000;698.211548
2761.000000;696.938049
2762.000000;697.155396
2763.000000;697.356812
2764.000000;697.563782
2765.000000;697.753357
2766.000000;697.939392
2767.000000;699.594910
2768.000000;698.297974
2769.000000;699.956177
2770.000000;698.657898
2771.000000;700.318726
2772.000000;699.025696
2773.000000;700.683899
2774.000000;699.386902
2775.000000;701.046448
2776.000000;699.744141
2777.000000;701.401184
2778.000000;700.092285
2779.000000;701.746704
2780.000000;701.908936
2781.000000;700.606689
2782.000000;702.255920
2783.000000;700.944397
2784.000000;702.581726
2785.000000;701.262512
2786.000000;702.887939
2787.000000;701.555664
2788.000000;703.170715
2789.000000;701.821350
2790.000000;703.425964
2791.000000;703.537231
2792.000000;703.665344
2793.000000;703.780640
2794.000000;703.908875
2795.000000;704.030518
2796.000000;704.165527
2797.000000;704.287109
2798.000000;702.943054
2799.000000;704.538330
2800.000000;703.173462
2801.000000;704.750427
2802.000000;703.360535
2803.000000;704.921875
2804.000000;704.988647
2805.000000;705.060669
2806.000000;705.123474
2807.000000;705.194214
2808.000000;705.255615
2809.000000;705.325134
2810.000000;705.383911
2811.000000;705.445557
2812.000000;705.505615
2813.000000;707.042297
2814.000000;705.631287
2815.000000;707.181030
2816.000000;705.788269
2817.000000;707.356384
2818.000000;705.974243
2819.000000;706.078979
2820.000000;706.181030
2821.000000;706.281860
2822.000000;706.373413
2823.000000;706.466370
2824.000000;708.033081
2825.000000;706.646912
2826.000000;708.224243
2827.000000;706.852356
2828.000000;708.436218
2829.000000;707.077515
2830.000000;707.192810
2831.000000;707.307922
2832.000000;707.415283
2833.000000;707.515991
2834.000000;707.614258
2835.000000;709.178223
2836.000000;707.793518
2837.000000;709.366821
2838.000000;707.985840
2839.000000;709.563171
2840.000000;708.188721
2841.000000;709.771301
2842.000000;708.398071
2843.000000;708.506897
2844.000000;710.085144
2845.000000;708.712341
2846.000000;710.288086
2847.000000;708.916504
2848.000000;710.494995
2849.000000;709.124573
2850.000000;710.701843
2851.000000;709.330017
2852.000000;710.908630
2853.000000;709.535461
2854.000000;711.114075
2855.000000;711.213379
2856.000000;711.326111
2857.000000;711.438477
2858.000000;711.572205
2859.000000;711.696411
2860.000000;710.369324
2861.000000;711.977905
2862.000000;710.641479
2863.000000;712.247559
2864.000000;710.900635
2865.000000;712.502747
2866.000000;711.141357
2867.000000;712.737122
2868.000000;712.842834
2869.000000;712.964783
2870.000000;713.071960
2871.000000;711.727966
2872.000000;713.311584
2873.000000;711.955627
2874.000000;713.531494
2875.000000;713.630798
2876.000000;713.733093
2877.000000;713.832397
2878.000000;713.942566
2879.000000;714.043030
2880.000000;714.161072
2881.000000;714.263000
2882.000000;714.384827
2883.000000;714.490784
2884.000000;713.136169
2885.000000;714.714661
2886.000000;714.815430
2887.000000;714.911011
2888.000000;715.005066
2889.000000;715.107361
2890.000000;715.193542
2891.000000;715.301147
2892.000000;715.379456
2893.000000;715.489502
2894.000000;715.567932
2895.000000;715.667542
2896.000000;715.752502
2897.000000;715.841492
2898.000000;715.929260
2899.000000;716.007629
2900.000000;716.094238
2901.000000;716.163452
2902.000000;716.248718
2903.000000;716.306030
2904.000000;716.387451
2905.000000;716.442200
2906.000000;717.990662
2907.000000;716.578430
2908.000000;716.651672
2909.000000;716.723755
2910.000000;716.786438
2911.000000;716.858643
2912.000000;716.902954
2913.000000;716.967224
2914.000000;717.002380
2915.000000;717.062805
2916.000000;717.086121
2917.000000;718.607178
2918.000000;717.164795
2919.000000;717.206543
2920.000000;717.249878
2921.000000;717.274597
2922.000000;717.314148
2923.000000;717.320435
2924.000000;717.350708
2925.000000;717.349243
2926.000000;718.842773
2927.000000;717.368896
2928.000000;718.863708
2929.000000;717.402954
2930.000000;718.902832
2931.000000;717.455383
2932.000000;717.480103
2933.000000;718.993286
2934.000000;717.532410
2935.000000;719.060059
2936.000000;717.609680
2937.000000;719.138550
2938.000000;717.701355
2939.000000;719.232666
2940.000000;719.286438
2941.000000;717.872803
2942.000000;719.430420
2943.000000;718.015442
2944.000000;719.580933
2945.000000;718.175110
2946.000000;719.749756
2947.000000;718.345337
2948.000000;719.919922
2949.000000;718.528503
2950.000000;720.100403
2951.000000;720.196106
2952.000000;718.817688
2953.000000;720.413452
2954.000000;719.031006
2955.000000;720.631958
2956.000000;719.253540
2957.000000;720.847900
2958.000000;719.477417
2959.000000;721.066467
2960.000000;719.696045
2961.000000;721.279785
2962.000000;721.393677
2963.000000;720.023193
2964.000000;721.624084
2965.000000;720.249695
2966.000000;721.849121
2967.000000;720.470764
2968.000000;722.058655
2969.000000;722.160522
2970.000000;722.269226
2971.000000;722.388306
2972.000000;721.027100
2973.000000;722.634521
2974.000000;721.258728
2975.000000;722.858215
2976.000000;721.476013
2977.000000;723.063843
2978.000000;723.151245
2979.000000;723.253540
2980.000000;723.362061
2981.000000;723.465393
2982.000000;723.582031
2983.000000;722.212891
2984.000000;723.811157
2985.000000;723.902588
2986.000000;724.013977
2987.000000;724.122498
2988.000000;724.231201
2989.000000;724.348938
2990.000000;724.458862
2991.000000;724.579407
2992.000000;724.690552
2993.000000;724.816223
2994.000000;726.408997
2995.000000;725.065002
2996.000000;725.199646
2997.000000;725.347656
2998.000000;725.486267
2999.000000;725.622498
3000.000000;725.766418
3001.000000;727.376221
3002.000000;726.049194
3003.000000;726.197021
3004.000000;726.355530
3005.000000;726.496582
3006.000000;726.647400
3007.000000;726.788513
3008.000000;726.923584
3009.000000;727.062134
3010.000000;727.183838
3011.000000;727.318726
3012.000000;728.907593
3013.000000;727.560852
3014.000000;727.685059
3015.000000;727.810913
3016.000000;727.927185
3017.000000;729.513672
3018.000000;728.155029
3019.000000;729.745361
3020.000000;728.391968
3021.000000;729.988708
3022.000000;728.639465
3023.000000;728.766174
3024.000000;730.363098
3025.000000;729.008301
3026.000000;730.605286
3027.000000;729.254395
3028.000000;730.852600
3029.000000;729.503113
3030.000000;731.102478
3031.000000;731.228271
3032.000000;731.365540
3033.000000;731.504395
3034.000000;730.183716
3035.000000;731.811951
3036.000000;730.484802
3037.000000;732.107788
3038.000000;730.778076
3039.000000;732.398193
3040.000000;732.537109
3041.000000;732.683472
3042.000000;732.836792
3043.000000;732.996399
3044.000000;733.154785
3045.000000;731.852600
3046.000000;733.489868
3047.000000;733.652283
3048.000000;733.813049
3049.000000;733.980835
3050.000000;734.149414
3051.000000;734.319702
3052.000000;735.976624
3053.000000;734.682251
3054.000000;734.882507
3055.000000;735.084045
3056.000000;735.285645
3057.000000;736.964844
3058.000000;735.697876
3059.000000;737.395325
3060.000000;736.149597
3061.000000;736.384949
3062.000000;738.100952
3063.000000;738.346985
3064.000000;738.608765
3065.000000;738.886169
3066.000000;739.178040
3067.000000;739.488342
3068.000000;738.331238
3069.000000;740.136169
3070.000000;738.986938
3071.000000;740.799805
3072.000000;741.130859
3073.000000;741.477722
3074.000000;741.825806
3075.000000;743.671265
3076.000000;742.571899
3077.000000;744.452637
3078.000000;743.385925
3079.000000;743.817932
3080.000000;744.255005
3081.000000;744.696106
3082.000000;746.613525
3083.000000;745.592651
3084.000000;747.532349
3085.000000;746.529724
3086.000000;748.487793
3087.000000;747.502258
3088.000000;749.474609
3089.000000;749.971985
3090.000000;749.010010
3091.000000;751.004639
3092.000000;750.045349
3093.000000;752.041199
3094.000000;752.556946
3095.000000;753.085693
3096.000000;753.611816
3097.000000;752.674744
3098.000000;754.677246
3099.000000;753.724487
3100.000000;755.715088
3101.000000;756.219055
3102.000000;756.724182
3103.000000;757.219055
3104.000000;757.724243
3105.000000;758.208435
3106.000000;757.217773
3107.000000;759.169128
3108.000000;759.614197
3109.000000;760.060425
3110.000000;760.484558
3111.000000;760.911255
3112.000000;761.315613
3113.000000;760.231934
3114.000000;762.080078
3115.000000;762.423035
3116.000000;762.752686
3117.000000;763.062927
3118.000000;763.357483
3119.000000;763.632263
3120.000000;763.888794
3121.000000;764.123047
3122.000000;762.864075
3123.000000;764.526184
3124.000000;764.680603
3125.000000;764.815491
3126.000000;764.925415
3127.000000;765.017090
3128.000000;765.077209
3129.000000;763.649353
3130.000000;765.136108
3131.000000;763.633606
3132.000000;765.060181
3133.000000;764.972534
3134.000000;764.865295
3135.000000;764.731689
3136.000000;764.581299
3137.000000;764.403198
3138.000000;762.731873
3139.000000;763.984253
3140.000000;763.726562
3141.000000;763.453064
3142.000000;763.157166
3143.000000;762.849670
3144.000000;762.518494
3145.000000;760.696594
3146.000000;761.805115
3147.000000;761.405884
3148.000000;761.002869
3149.000000;760.577515
3150.000000;760.145508
3151.000000;759.699341
3152.000000;757.768616
3153.000000;758.779175
3154.000000;758.285706
3155.000000;757.798889
3156.000000;757.289673
3157.000000;756.793640
3158.000000;756.283203
3159.000000;754.300354
3160.000000;755.260986
3161.000000;754.734924
3162.000000;754.216492
3163.000000;753.689087
3164.000000;753.183960
3165.000000;752.670776
3166.000000;752.174805
3167.000000;751.680054
3168.000000;749.719421
3169.000000;750.723267
3170.000000;750.237671
3171.000000;749.779663
3172.000000;749.322876
3173.000000;748.893555
3174.000000;748.473450
3175.000000;746.593872
3176.000000;747.680359
3177.000000;747.298035
3178.000000;746.935547
3179.000000;746.595276
3180.000000;744.795532
3181.000000;745.968262
3182.000000;745.673767
3183.000000;745.406799
3184.000000;745.162109
3185.000000;743.463074
3186.000000;744.740662
3187.000000;743.075745
3188.000000;744.382019
3189.000000;742.749878
3190.000000;742.611145
3191.000000;742.484192
3192.000000;742.361084
3193.000000;742.249939
3194.000000;742.145203
3195.000000;742.048401
3196.000000;741.961975
3197.000000;741.879456
3198.000000;743.287781
3199.000000;741.757751
3200.000000;741.725037
3201.000000;741.705505
3202.000000;741.692383
3203.000000;740.210754
3204.000000;741.684448
3205.000000;741.676514
3206.000000;741.687256
3207.000000;741.694946
3208.000000;741.721130
3209.000000;741.749939
3210.000000;741.795715
3211.000000;741.846802
3212.000000;741.900391
3213.000000;741.975098
3214.000000;742.046997
3215.000000;742.136108
3216.000000;742.227600
3217.000000;742.328430
3218.000000;742.441040
3219.000000;742.552124
3220.000000;742.683167
3221.000000;742.808777
3222.000000;741.471191
3223.000000;743.082275
3224.000000;743.211914
3225.000000;743.346741
3226.000000;743.485352
3227.000000;743.635925
3228.000000;743.779907
3229.000000;743.937012
3230.000000;744.096680
3231.000000;744.257629
3232.000000;744.423889
3233.000000;744.587524
3234.000000;744.762878
3235.000000;744.932983
3236.000000;745.105774
3237.000000;745.283752
3238.000000;745.456604
3239.000000;745.635864
3240.000000;745.808594
3241.000000;745.986633
3242.000000;746.161987
3243.000000;746.333435
3244.000000;746.506287
3245.000000;746.676331
3246.000000;746.843872
3247.000000;747.007507
3248.000000;747.169861
3249.000000;747.326904
3250.000000;748.958923
3251.000000;747.637024
3252.000000;747.804565
3253.000000;747.961670
3254.000000;748.117371
3255.000000;748.267883
3256.000000;748.405334
3257.000000;748.542725
3258.000000;748.667053
3259.000000;750.270508
3260.000000;748.911804
3261.000000;749.037537
3262.000000;749.159180
3263.000000;749.263916
3264.000000;749.368713
3265.000000;749.456299
3266.000000;751.017700
3267.000000;749.619934
3268.000000;749.706360
3269.000000;749.780823
3270.000000;749.839844
3271.000000;749.900085
3272.000000;749.937927
3273.000000;751.450928
3274.000000;750.004761
3275.000000;750.034851
3276.000000;750.060974
3277.000000;750.066223
3278.000000;750.071411
3279.000000;750.057007
3280.000000;750.036133
3281.000000;750.003418
3282.000000;749.957581
3283.000000;749.910461
3284.000000;749.842407
3285.000000;749.771667
3286.000000;749.682739
3287.000000;751.070190
3288.000000;749.499512
3289.000000;749.404053
3290.000000;749.307068
3291.000000;749.193298
3292.000000;749.078064
3293.000000;748.947205
3294.000000;748.812378
3295.000000;748.668396
3296.000000;749.997009
3297.000000;748.373962
3298.000000;748.224731
3299.000000;748.080688
3300.000000;747.921082
3301.000000;749.239075
3302.000000;747.605652
3303.000000;748.932861
3304.000000;747.311157
3305.000000;747.168457
3306.000000;747.031128
3307.000000;746.883179
3308.000000;748.212891
3309.000000;746.593872
3310.000000;746.459106
3311.000000;746.328247
3312.000000;746.190796
3313.000000;747.533630
3314.000000;745.925110
3315.000000;747.286316
3316.000000;745.698608
3317.000000;747.079529
3318.000000;745.510254
3319.000000;745.436951
3320.000000;746.837341
3321.000000;745.295593
3322.000000;746.718262
3323.000000;745.198669
3324.000000;746.644958
3325.000000;746.624023
3326.000000;745.152954
3327.000000;746.640991
3328.000000;745.190857
3329.000000;746.706482
3330.000000;745.274658
3331.000000;746.817688
3332.000000;745.405457
3333.000000;745.490601
3334.000000;745.570374
3335.000000;745.651550
3336.000000;745.737976
3337.000000;745.820435
3338.000000;745.901550
3339.000000;745.985229
3340.000000;746.062500
3341.000000;746.149048
3342.000000;746.220886
3343.000000;746.303406
3344.000000;746.374084
3345.000000;746.452576
3346.000000;746.524536
3347.000000;746.588623
3348.000000;746.662109
3349.000000;746.722107
3350.000000;746.787720
3351.000000;746.845154
3352.000000;745.418640
3353.000000;746.944763
3354.000000;746.968201
3355.000000;746.998413
3356.000000;747.014038
3357.000000;745.557312
3358.000000;747.040161
3359.000000;745.548218
3360.000000;747.007507
3361.000000;746.964233
3362.000000;746.927673
3363.000000;746.879211
3364.000000;745.353210
3365.000000;746.773193
3366.000000;745.213074
3367.000000;746.612244
3368.000000;746.503601
3369.000000;746.405457
3370.000000;746.295532
3371.000000;744.710449
3372.000000;746.069031
3373.000000;744.457947
3374.000000;745.799438
3375.000000;745.638428
3376.000000;745.490601
3377.000000;745.330872
3378.000000;743.702759
3379.000000;745.018127
3380.000000;743.367615
3381.000000;744.667236
3382.000000;744.473572
3383.000000;744.294373
3384.000000;744.103210
3385.000000;743.931702
3386.000000;743.749817
3387.000000;743.582336
3388.000000;743.414734
3389.000000;743.252441
3390.000000;743.100647
3391.000000;742.946228
3392.000000;744.285156
3393.000000;742.680542
3394.000000;742.571838
3395.000000;742.471130
3396.000000;742.375610
3397.000000;742.290466
3398.000000;742.214539
3399.000000;743.622864
3400.000000;742.094177
3401.000000;742.061401
3402.000000;742.037842
3403.000000;742.028687
3404.000000;743.494568
3405.000000;742.037903
3406.000000;743.543030
3407.000000;742.121643
3408.000000;743.671326
3409.000000;743.756287
3410.000000;742.401672
3411.000000;744.014221
3412.000000;742.693604
3413.000000;744.340088
3414.000000;744.532532
3415.000000;743.274719
3416.000000;744.981445
3417.000000;743.756409
3418.000000;745.495789
3419.000000;744.296875
3420.000000;746.067810
3421.000000;744.892456
3422.000000;746.690735
3423.000000;747.018005
3424.000000;745.889771
3425.000000;747.729980
3426.000000;746.614746
3427.000000;748.477356
3428.000000;748.858154
3429.000000;747.782288
3430.000000;749.664368
3431.000000;748.596375
3432.000000;750.494263
3433.000000;749.423523
3434.000000;751.328003
3435.000000;750.258606
3436.000000;750.678772
3437.000000;752.562134
3438.000000;751.481079
3439.000000;753.365784
3440.000000;752.272888
3441.000000;752.665649
3442.000000;753.033386
3443.000000;753.386780
3444.000000;755.199402
3445.000000;754.043823
3446.000000;755.840759
3447.000000;754.664185
3448.000000;754.958618
3449.000000;755.228333
3450.000000;755.472961
3451.000000;755.696777
3452.000000;755.895874
3453.000000;756.071106
3454.000000;756.219177
3455.000000;756.343323
3456.000000;756.442871
3457.000000;756.512207
3458.000000;756.558044
3459.000000;756.579041
3460.000000;758.048767
3461.000000;756.546204
3462.000000;757.986023
3463.000000;756.451965
3464.000000;757.860352
3465.000000;756.293701
3466.000000;756.191589
3467.000000;757.542236
3468.000000;755.923218
3469.000000;757.245239
3470.000000;755.597351
3471.000000;756.885315
3472.000000;756.692749
3473.000000;755.014954
3474.000000;756.277954
3475.000000;754.579163
3476.000000;755.819885
3477.000000;754.101318
3478.000000;755.319946
3479.000000;755.055481
3480.000000;754.793823
3481.000000;754.530701
3482.000000;752.799133
3483.000000;754.007141
3484.000000;753.742676
3485.000000;753.474487
3486.000000;753.215332
3487.000000;752.961426
3488.000000;752.711426
3489.000000;752.475830
3490.000000;752.244141
3491.000000;752.020325
3492.000000;751.808350
3493.000000;751.601501
3494.000000;751.411682
3495.000000;751.225891
3496.000000;751.053223
3497.000000;750.897400
3498.000000;750.744080
3499.000000;750.612122
3500.000000;750.486267
3501.000000;750.379150
3502.000000;750.278259
3503.000000;750.193176
3504.000000;750.129089
3505.000000;750.066223
3506.000000;750.029724
3507.000000;749.996826
3508.000000;749.987793
3509.000000;749.985046
3510.000000;749.996948
3511.000000;750.029663
3512.000000;750.066162
3513.000000;750.126526
3514.000000;750.195801
3515.000000;748.797974
3516.000000;750.366028
3517.000000;750.453613
3518.000000;750.557068
3519.000000;750.668335
3520.000000;749.318909
3521.000000;750.927490
3522.000000;749.578003
3523.000000;751.186646
3524.000000;749.839722
3525.000000;751.450989
3526.000000;751.584473
3527.000000;750.242920
3528.000000;751.865906
3529.000000;750.526855
3530.000000;752.144714
3531.000000;750.804382
3532.000000;750.933960
3533.000000;752.539978
3534.000000;751.177368
3535.000000;752.774292
3536.000000;751.408997
3537.000000;751.512451
3538.000000;753.093567
3539.000000;751.703552
3540.000000;753.268982
3541.000000;751.869751
3542.000000;751.949646
3543.000000;752.011108
3544.000000;752.055725
3545.000000;753.567322
3546.000000;752.114624
3547.000000;753.611816
3548.000000;752.148560
3549.000000;753.636780
3550.000000;753.643250
3551.000000;752.170837
3552.000000;753.655029
3553.000000;752.170837
3554.000000;753.644653
3555.000000;753.631531
3556.000000;752.145996
3557.000000;753.611816
3558.000000;752.115906
3559.000000;753.572571
3560.000000;753.539917
3561.000000;753.521606
3562.000000;753.501953
3563.000000;753.490173
3564.000000;753.483643
3565.000000;753.481018
3566.000000;753.491455
3567.000000;753.496704
3568.000000;753.515015
3569.000000;753.533325
3570.000000;755.045105
3571.000000;753.606567
3572.000000;753.661682
3573.000000;753.731018
3574.000000;753.799072
3575.000000;753.874878
3576.000000;753.952148
3577.000000;754.036011
3578.000000;754.124817
3579.000000;755.695557
3580.000000;754.326416
3581.000000;754.445618
3582.000000;754.571228
3583.000000;754.700806
3584.000000;756.309448
3585.000000;754.974304
3586.000000;756.611694
3587.000000;755.298950
3588.000000;755.482178
3589.000000;755.660217
3590.000000;755.848694
3591.000000;756.026672
3592.000000;756.208618
3593.000000;757.868225
3594.000000;756.580322
3595.000000;756.779175
3596.000000;756.974365
3597.000000;757.169189
3598.000000;757.360352
3599.000000;757.547607
3600.000000;757.729431
3601.000000;757.907471
3602.000000;758.080139
3603.000000;758.247742
3604.000000;758.411316
3605.000000;758.567139
3606.000000;758.713684
3607.000000;758.852356
3608.000000;758.991272
3609.000000;759.114136
3610.000000;759.234619
3611.000000;759.343262
3612.000000;759.445374
3613.000000;759.536987
3614.000000;759.616699
3615.000000;759.696655
3616.000000;759.754211
3617.000000;758.332825
3618.000000;759.845703
3619.000000;759.858887
3620.000000;759.866760
3621.000000;759.853638
3622.000000;759.844604
3623.000000;759.814392
3624.000000;759.781799
3625.000000;759.738403
3626.000000;759.679626
3627.000000;759.616882
3628.000000;759.544739
3629.000000;760.938721
3630.000000;759.381165
3631.000000;759.300049
3632.000000;759.216370
3633.000000;759.119385
3634.000000;759.012024
3635.000000;758.903503
3636.000000;760.260803
3637.000000;758.670593
3638.000000;758.554016
3639.000000;758.437561
3640.000000;758.315735
3641.000000;759.660034
3642.000000;758.059265
3643.000000;759.414001
3644.000000;757.822327
3645.000000;757.712341
3646.000000;757.595947
3647.000000;757.483398
3648.000000;758.838013
3649.000000;757.246521
3650.000000;758.615540
3651.000000;757.037048
3652.000000;758.427063
3653.000000;756.860352
3654.000000;756.787109
3655.000000;758.182312
3656.000000;756.637939
3657.000000;758.057983
3658.000000;756.520081
3659.000000;757.961121
3660.000000;756.444153
3661.000000;756.420593
3662.000000;757.874756
3663.000000;756.372070
3664.000000;757.849915
3665.000000;756.366882
3666.000000;756.381409
3667.000000;756.389282
3668.000000;756.394287
3669.000000;756.403625
3670.000000;756.404907
3671.000000;757.891724
3672.000000;756.421936
3673.000000;756.446716
3674.000000;756.467773
3675.000000;756.480835
3676.000000;756.503052
3677.000000;756.514893
3678.000000;756.529175
3679.000000;756.541138
3680.000000;756.550171
3681.000000;756.559326
3682.000000;756.564575
3683.000000;755.088135
3684.000000;756.559387
3685.000000;756.537048
3686.000000;756.517517
3687.000000;756.489990
3688.000000;754.984741
3689.000000;756.423279
3690.000000;754.895752
3691.000000;756.312012
3692.000000;756.236023
3693.000000;754.681152
3694.000000;756.072571
3695.000000;754.496643
3696.000000;755.865723
3697.000000;754.264954
3698.000000;754.134155
3699.000000;755.461121
3700.000000;753.823914
3701.000000;755.130127
3702.000000;753.477051
3703.000000;754.762390
3704.000000;753.092163
3705.000000;754.364502
3706.000000;752.676025
3707.000000;752.458801
3708.000000;753.702148
3709.000000;751.988892
3710.000000;753.220520
3711.000000;751.496826
3712.000000;751.241638
3713.000000;750.978455
3714.000000;750.702332
3715.000000;751.889526
3716.000000;750.121216
3717.000000;751.307068
3718.000000;749.540100
3719.000000;750.727234
3720.000000;748.958862
3721.000000;748.676270
3722.000000;749.860718
3723.000000;748.093872
3724.000000;749.287598
3725.000000;747.529602
3726.000000;748.736511
3727.000000;746.989136
3728.000000;746.731384
3729.000000;747.944641
3730.000000;746.214355
3731.000000;747.449951
3732.000000;745.733948
3733.000000;746.990601
3734.000000;746.774536
3735.000000;745.105713
3736.000000;746.400208
3737.000000;744.753662
3738.000000;746.078308
3739.000000;745.932922
3740.000000;744.337524
3741.000000;745.707886
3742.000000;744.138550
3743.000000;745.538940
3744.000000;745.474792
3745.000000;745.437012
3746.000000;745.419861
3747.000000;743.952637
3748.000000;745.456604
3749.000000;745.495789
3750.000000;745.561279
3751.000000;745.647583
3752.000000;744.282471
3753.000000;745.888550
3754.000000;746.027161
3755.000000;746.194763
3756.000000;746.375366
3757.000000;745.111023
3758.000000;746.807251
3759.000000;747.041504
3760.000000;747.296753
3761.000000;747.563721
3762.000000;749.345093
3763.000000;748.184082
3764.000000;748.538879
3765.000000;748.907898
3766.000000;749.290100
3767.000000;751.174805
3768.000000;750.119934
3769.000000;750.574158
3770.000000;751.037292
3771.000000;751.508667
3772.000000;752.000732
3773.000000;752.490112
3774.000000;754.475647
3775.000000;753.516357
3776.000000;754.050354
3777.000000;754.594727
3778.000000;755.135315
3779.000000;757.165344
3780.000000;756.239929
3781.000000;758.284424
3782.000000;757.381348
3783.000000;757.961121
3784.000000;760.018555
3785.000000;759.118103
3786.000000;761.182129
3787.000000;760.285522
3788.000000;762.349670
3789.000000;762.930786
3790.000000;762.042114
3791.000000;764.106018
3792.000000;763.206970
3793.000000;765.259155
3794.000000;765.823181
3795.000000;766.388794
3796.000000;766.947510
3797.000000;767.511719
3798.000000;768.065247
3799.000000;767.142639
3800.000000;769.155518
3801.000000;769.671326
3802.000000;770.183044
3803.000000;770.677673
3804.000000;771.171265
3805.000000;771.638428
3806.000000;772.104431
3807.000000;772.551880
3808.000000;772.977417
3809.000000;773.400146
3810.000000;773.786194
3811.000000;775.648743
3812.000000;774.537476
3813.000000;774.890930
3814.000000;775.236389
3815.000000;775.540039
3816.000000;777.318787
3817.000000;776.115906
3818.000000;777.854004
3819.000000;776.631653
3820.000000;776.859375
3821.000000;778.552979
3822.000000;777.263794
3823.000000;778.916809
3824.000000;777.600159
3825.000000;779.215271
3826.000000;779.343567
3827.000000;777.979797
3828.000000;779.551697
3829.000000;779.638062
3830.000000;779.704712
3831.000000;779.771484
3832.000000;779.823914
3833.000000;779.864441
3834.000000;781.389282
3835.000000;779.940369
3836.000000;779.986145
3837.000000;780.013611
3838.000000;780.033325
3839.000000;781.530518
3840.000000;780.060791
3841.000000;781.560730
3842.000000;781.572449
3843.000000;780.123596
3844.000000;781.632629
3845.000000;780.185120
3846.000000;781.696899
3847.000000;781.728088
3848.000000;781.775391
3849.000000;781.826355
3850.000000;780.418091
3851.000000;781.963806
3852.000000;782.031799
3853.000000;782.110535
3854.000000;782.199341
3855.000000;782.300171
3856.000000;782.410217
3857.000000;782.527832
3858.000000;782.658813
3859.000000;782.793518
3860.000000;782.944092
3861.000000;783.101257
3862.000000;783.260742
3863.000000;783.436340
3864.000000;783.610291
3865.000000;783.802734
3866.000000;783.991150
3867.000000;782.711182
3868.000000;784.385254
3869.000000;784.568359
3870.000000;784.767273
3871.000000;784.961121
3872.000000;783.683594
3873.000000;785.355042
3874.000000;785.540771
3875.000000;785.729309
3876.000000;785.920471
3877.000000;784.627197
3878.000000;786.290833
3879.000000;786.459595
3880.000000;786.631104
3881.000000;786.805237
3882.000000;785.489746
3883.000000;787.131165
3884.000000;787.273682
3885.000000;787.415100
3886.000000;787.560364
3887.000000;786.214783
3888.000000;787.820923
3889.000000;787.932007
3890.000000;786.555176
3891.000000;788.131042
3892.000000;786.727905
3893.000000;788.269836
3894.000000;788.320801
3895.000000;786.879822
3896.000000;788.392822
3897.000000;786.922913
3898.000000;788.400757
3899.000000;788.386230
3900.000000;788.358765
3901.000000;788.335266
3902.000000;786.823425
3903.000000;788.255493
3904.000000;788.195129
3905.000000;788.125854
3906.000000;788.057800
3907.000000;786.505432
3908.000000;787.892883
3909.000000;787.794556
3910.000000;787.686035
3911.000000;787.576050
3912.000000;787.468750
3913.000000;787.351013
3914.000000;787.238403
3915.000000;787.119324
3916.000000;786.997498
3917.000000;786.877197
3918.000000;786.755432
3919.000000;786.632385
3920.000000;786.512024
3921.000000;786.382446
3922.000000;784.784363
3923.000000;786.131104
3924.000000;785.988403
3925.000000;785.849854
3926.000000;785.701721
3927.000000;785.570984
3928.000000;785.434814
3929.000000;785.301270
3930.000000;785.173157
3931.000000;785.040833
3932.000000;784.923096
3933.000000;784.802673
3934.000000;783.207153
3935.000000;784.565857
3936.000000;784.436218
3937.000000;784.318420
3938.000000;784.197998
3939.000000;782.607666
3940.000000;783.971619
3941.000000;783.852478
3942.000000;783.738525
3943.000000;783.628723
3944.000000;782.051514
3945.000000;783.424500
3946.000000;781.839478
3947.000000;783.205872
3948.000000;783.093384
3949.000000;781.514832
3950.000000;782.879944
3951.000000;781.297668
3952.000000;782.660034
3953.000000;781.072571
3954.000000;780.961243
3955.000000;782.309326
3956.000000;780.712646
3957.000000;780.580261
3958.000000;780.446899
3959.000000;780.302795
3960.000000;781.620911
3961.000000;779.994080
3962.000000;779.834290
3963.000000;779.672119
3964.000000;779.505737
3965.000000;780.798889
3966.000000;779.152588
3967.000000;778.971741
3968.000000;778.795166
3969.000000;778.610535
3970.000000;778.414185
3971.000000;778.225952
3972.000000;778.014954
3973.000000;777.814819
3974.000000;777.601501
3975.000000;777.385437
3976.000000;777.176208
3977.000000;776.950928
3978.000000;776.733826
3979.000000;776.508545
3980.000000;776.287415
3981.000000;776.068787
3982.000000;775.839783
3983.000000;775.622620
3984.000000;775.399963
3985.000000;773.703735
3986.000000;774.958984
3987.000000;774.719299
3988.000000;774.496948
3989.000000;774.265198
3990.000000;774.051941
3991.000000;773.834717
3992.000000;773.622498
3993.000000;773.424988
3994.000000;773.222107
3995.000000;774.520508
3996.000000;772.867432
3997.000000;772.712891
3998.000000;772.574280
3999.000000;772.434143
4000.000000;773.794067
4001.000000;772.207703
4002.000000;772.122681
4003.000000;773.527161
4004.000000;771.993042
4005.000000;773.439331
4006.000000;771.950012
4007.000000;771.953735
4008.000000;773.453857
4009.000000;772.013977
4010.000000;773.553223
4011.000000;772.158142
4012.000000;772.253479
4013.000000;773.846497
4014.000000;772.496948
4015.000000;774.129211
4016.000000;772.819031
4017.000000;773.000854
4018.000000;774.681519
4019.000000;773.418335
4020.000000;775.126465
4021.000000;773.897522
4022.000000;774.157898
4023.000000;774.430298
4024.000000;774.703613
4025.000000;776.458801
4026.000000;775.274414
4027.000000;775.572815
4028.000000;775.885620
4029.000000;776.186584
4030.000000;777.974487
4031.000000;776.814880
4032.000000;777.135437
4033.000000;777.465393
4034.000000;777.779480
4035.000000;779.579102
4036.000000;778.422119
4037.000000;778.747986
4038.000000;779.073914
4039.000000;779.382751
4040.000000;778.215210
4041.000000;779.980957
4042.000000;780.250549
4043.000000;780.513611
4044.000000;780.755676
4045.000000;780.999207
4046.000000;781.223022
4047.000000;781.440247
4048.000000;781.641846
4049.000000;781.826294
4050.000000;783.489929
4051.000000;782.175781
4052.000000;782.342102
4053.000000;782.501831
4054.000000;782.631348
4055.000000;784.242432
4056.000000;782.870789
4057.000000;782.988770
4058.000000;783.084106
4059.000000;783.156128
4060.000000;784.707153
4061.000000;783.273926
4062.000000;784.809326
4063.000000;783.372009
4064.000000;783.402222
4065.000000;783.425781
4066.000000;783.420471
4067.000000;784.891663
4068.000000;783.386475
4069.000000;783.352539
4070.000000;783.313232
4071.000000;783.243835
4072.000000;784.648315
4073.000000;783.080200
4074.000000;784.466370
4075.000000;782.893005
4076.000000;782.784424
4077.000000;784.148254
4078.000000;782.543640
4079.000000;783.893066
4080.000000;782.284363
4081.000000;783.623413
4082.000000;783.486023
4083.000000;781.869446
4084.000000;783.213806
4085.000000;781.597351
4086.000000;782.932373
4087.000000;782.788391
4088.000000;781.174500
4089.000000;782.520142
4090.000000;780.900879
4091.000000;782.242676
4092.000000;782.106506
4093.000000;780.496521
4094.000000;781.848633
4095.000000;780.243958
4096.000000;781.596069
4097.000000;779.995361
4098.000000;779.868225
4099.000000;781.216553
4100.000000;779.609131
4101.000000;780.957336
4102.000000;779.363220
4103.000000;779.230835
4104.000000;779.108093
4105.000000;778.973083
4106.000000;780.308167
4107.000000;778.697021
4108.000000;778.558228
4109.000000;778.423462
4110.000000;778.280701
4111.000000;778.131531
4112.000000;777.982422
4113.000000;779.299011
4114.000000;777.673462
4115.000000;777.529419
4116.000000;777.382935
4117.000000;777.236328
4118.000000;777.079163
4119.000000;776.931335
4120.000000;776.772949
4121.000000;776.617188
4122.000000;776.461548
4123.000000;774.820129
4124.000000;776.134277
4125.000000;775.951050
4126.000000;775.772949
4127.000000;775.597778
4128.000000;773.940613
4129.000000;775.233826
4130.000000;773.561096
4131.000000;773.360779
4132.000000;774.623901
4133.000000;772.917175
4134.000000;774.164490
4135.000000;772.447266
4136.000000;772.206421
4137.000000;773.432861
4138.000000;771.689392
4139.000000;772.906738
4140.000000;772.639587
4141.000000;770.902832
4142.000000;772.124084
4143.000000;770.383179
4144.000000;771.605713
4145.000000;771.343872
4146.000000;769.618958
4147.000000;770.853149
4148.000000;769.129333
4149.000000;770.368958
4150.000000;768.654236
4151.000000;769.897644
4152.000000;769.672546
4153.000000;767.981445
4154.000000;769.253845
4155.000000;767.575745
4156.000000;768.858459
4157.000000;767.200195
4158.000000;767.016846
4159.000000;768.317993
4160.000000;766.667419
4161.000000;767.981506
4162.000000;766.354614
4163.000000;766.206665
4164.000000;767.544434
4165.000000;765.935852
4166.000000;767.287964
4167.000000;765.701477
4168.000000;767.075745
4169.000000;766.992188
4170.000000;765.447571
4171.000000;766.866455
4172.000000;765.353455
4173.000000;765.315430
4174.000000;765.294495
4175.000000;765.261658
4176.000000;766.718567
4177.000000;765.230347
4178.000000;765.225098
4179.000000;765.237000
4180.000000;765.231628
4181.000000;765.246155
4182.000000;765.249939
4183.000000;763.778870
4184.000000;765.267029
4185.000000;765.253906
4186.000000;765.255310
4187.000000;765.247314
4188.000000;763.769653
4189.000000;765.242126
4190.000000;763.742126
4191.000000;765.196411
4192.000000;763.682007
4193.000000;765.116516
4194.000000;765.069336
4195.000000;763.535400
4196.000000;764.960815
4197.000000;763.415039
4198.000000;764.822083
4199.000000;763.263245
4200.000000;763.170227
4201.000000;764.549805
4202.000000;762.950317
4203.000000;764.312866
4204.000000;762.707031
4205.000000;762.574707
4206.000000;762.425598
4207.000000;762.257996
4208.000000;762.080078
4209.000000;761.880981
4210.000000;761.671692
4211.000000;761.445251
4212.000000;761.207031
4213.000000;760.955688
4214.000000;760.692627
4215.000000;758.934875
4216.000000;760.116821
4217.000000;759.796021
4218.000000;759.471558
4219.000000;759.131348
4220.000000;757.307983
4221.000000;758.423096
4222.000000;756.561951
4223.000000;757.652344
4224.000000;757.230713
4225.000000;756.826416
4226.000000;756.403625
4227.000000;754.509644
4228.000000;755.555481
4229.000000;753.637939
4230.000000;754.674744
4231.000000;754.210022
4232.000000;753.768982
4233.000000;753.309448
4234.000000;751.399963
4235.000000;752.428650
4236.000000;751.983643
4237.000000;751.547913
4238.000000;751.114563
4239.000000;750.710266
4240.000000;750.295227
4241.000000;748.431458
4242.000000;749.521790
4243.000000;749.139648
4244.000000;748.774414
4245.000000;748.422363
4246.000000;746.617493
4247.000000;747.771851
4248.000000;747.457642
4249.000000;747.167236
4250.000000;746.890991
4251.000000;746.640991
4252.000000;746.412048
4253.000000;744.722229
4254.000000;746.015503
4255.000000;744.347839
4256.000000;745.667297
4257.000000;745.510193
4258.000000;745.383301
4259.000000;745.281128
4260.000000;743.719604
4261.000000;745.143799
4262.000000;743.610962
4263.000000;745.061340
4264.000000;745.044250
4265.000000;743.573120
4266.000000;745.079529
4267.000000;743.638550
4268.000000;743.696167
4269.000000;743.752380
4270.000000;743.819214
4271.000000;745.368896
4272.000000;743.973694
4273.000000;744.069214
4274.000000;744.175232
4275.000000;744.275818
4276.000000;744.388672
4277.000000;744.498413
4278.000000;746.092712
4279.000000;744.740601
4280.000000;744.878052
4281.000000;745.024658
4282.000000;745.160645
4283.000000;745.311401
4284.000000;745.449890
4285.000000;747.074280
4286.000000;745.752319
4287.000000;745.913269
4288.000000;746.083557
4289.000000;746.239136
4290.000000;746.408142
4291.000000;746.559875
4292.000000;746.718201
4293.000000;746.874023
4294.000000;747.017944
4295.000000;747.172424
4296.000000;747.311218
4297.000000;745.976196
4298.000000;747.574219
4299.000000;747.684204
4300.000000;747.788879
4301.000000;747.883057
4302.000000;747.979980
4303.000000;748.065125
4304.000000;746.669739
4305.000000;748.207703
4306.000000;746.779785
4307.000000;748.287537
4308.000000;748.301941
4309.000000;748.311096
4310.000000;748.307190
4311.000000;748.308472
4312.000000;748.288818
4313.000000;746.795410
4314.000000;748.235229
4315.000000;746.705261
4316.000000;748.114685
4317.000000;748.028381
4318.000000;747.940735
4319.000000;747.838623
4320.000000;747.739136
4321.000000;747.630493
4322.000000;746.037659
4323.000000;747.389648
4324.000000;747.247009
4325.000000;747.103088
4326.000000;746.949951
4327.000000;746.796753
4328.000000;746.642395
4329.000000;745.003662
4330.000000;746.312500
4331.000000;746.127991
4332.000000;745.945923
4333.000000;745.757568
4334.000000;745.574341
4335.000000;745.385864
4336.000000;745.200012
4337.000000;745.019348
4338.000000;744.833557
4339.000000;744.655518
4340.000000;744.472351
4341.000000;744.299500
4342.000000;744.125488
4343.000000;745.434265
4344.000000;743.802124
4345.000000;743.658264
4346.000000;743.528687
4347.000000;743.389832
4348.000000;743.269531
4349.000000;743.147705
4350.000000;744.514160
4351.000000;742.937073
4352.000000;742.854614
4353.000000;742.783936
4354.000000;742.711853
4355.000000;742.657043
4356.000000;742.599304
4357.000000;742.554871
4358.000000;742.515564
4359.000000;742.484131
4360.000000;742.460693
4361.000000;742.440979
4362.000000;742.438416
4363.000000;742.434448
4364.000000;740.963318
4365.000000;742.443542
4366.000000;742.447510
4367.000000;742.452759
4368.000000;742.471069
4369.000000;742.494751
4370.000000;742.526062
4371.000000;741.086365
4372.000000;742.601929
4373.000000;742.632019
4374.000000;742.671326
4375.000000;742.718445
4376.000000;741.291870
4377.000000;742.821899
4378.000000;741.388733
4379.000000;742.913452
4380.000000;742.948792
4381.000000;742.995911
4382.000000;743.042969
4383.000000;743.103333
4384.000000;743.166077
4385.000000;741.755188
4386.000000;743.299561
4387.000000;743.355896
4388.000000;743.426575
4389.000000;743.487976
4390.000000;743.570618
4391.000000;743.646484
4392.000000;742.252502
4393.000000;743.809998
4394.000000;743.880676
4395.000000;743.961914
4396.000000;744.032532
4397.000000;744.126831
4398.000000;744.206604
4399.000000;742.821838
4400.000000;744.381958
4401.000000;744.456604
4402.000000;744.539124
4403.000000;744.613647
4404.000000;744.704041
4405.000000;744.782471
4406.000000;744.875366
4407.000000;744.959106
4408.000000;745.049438
4409.000000;745.142456
4410.000000;745.232788
4411.000000;745.329651
4412.000000;745.418579
4413.000000;744.037720
4414.000000;745.596558
4415.000000;745.671204
4416.000000;745.745789
4417.000000;745.813843
4418.000000;745.889709
4419.000000;745.960510
4420.000000;744.553406
4421.000000;746.088745
4422.000000;746.137146
4423.000000;746.185486
4424.000000;746.226074
4425.000000;746.271912
4426.000000;746.315186
4427.000000;744.874084
4428.000000;746.380615
4429.000000;744.917419
4430.000000;746.401489
4431.000000;744.910706
4432.000000;746.370056
4433.000000;746.336121
4434.000000;746.302002
4435.000000;746.262817
4436.000000;744.748413
4437.000000;746.175171
4438.000000;746.113586
4439.000000;746.052002
4440.000000;745.986633
4441.000000;745.922485
4442.000000;745.853088
4443.000000;745.787659
4444.000000;745.722290
4445.000000;744.172485
4446.000000;745.576904
4447.000000;745.484009
4448.000000;745.401611
4449.000000;745.304626
4450.000000;745.223572
4451.000000;745.135864
4452.000000;745.048157
4453.000000;744.969604
4454.000000;744.880615
4455.000000;744.804871
4456.000000;744.719604
4457.000000;744.646423
4458.000000;744.570435
4459.000000;744.493286
4460.000000;744.430420
4461.000000;744.355774
4462.000000;744.298279
4463.000000;744.228821
4464.000000;745.655518
4465.000000;744.129395
4466.000000;744.096619
4467.000000;744.074402
4468.000000;744.045593
4469.000000;744.028564
4470.000000;744.008972
4471.000000;742.519470
4472.000000;743.980164
4473.000000;742.472351
4474.000000;743.922607
4475.000000;742.403015
4476.000000;743.838806
4477.000000;743.786499
4478.000000;742.264282
4479.000000;743.688293
4480.000000;742.155701
4481.000000;743.565186
4482.000000;742.024719
4483.000000;743.422668
4484.000000;741.867737
4485.000000;743.261658
4486.000000;743.170044
4487.000000;741.611145
4488.000000;743.002441
4489.000000;741.433228
4490.000000;742.811340
4491.000000;741.234253
4492.000000;742.612488
4493.000000;741.026184
4494.000000;740.913635
4495.000000;742.272156
4496.000000;740.668823
4497.000000;742.019531
4498.000000;740.411011
4499.000000;741.759094
