TIME;VELOCITY
0.000000;0.000000
1.000000;0.000000
2.000000;0.000000
3.000000;0.000000
4.000000;0.739491
5.000000;1.506467
6.000000;1.611174
7.000000;1.797683
8.000000;2.063376
9.000000;2.406945
10.000000;2.825771
11.000000;3.315275
12.000000;3.870875
13.000000;4.487335
14.000000;5.160075
15.000000;5.881897
16.000000;6.645601
17.000000;7.445298
18.000000;8.270518
19.000000;9.117333
20.000000;9.973965
21.000000;10.834522
22.000000;11.688536
23.000000;12.529462
24.000000;13.348792
25.000000;14.138672
26.000000;14.889943
27.000000;15.597368
28.000000;16.252438
29.000000;16.849266
30.000000;17.381962
31.000000;17.845943
32.000000;18.235975
33.000000;18.547478
34.000000;18.778488
35.000000;18.927040
36.000000;18.991173
37.000000;18.969578
38.000000;18.863562
39.000000;18.673126
40.000000;18.401543
41.000000;18.050776
42.000000;17.622787
43.000000;17.124121
44.000000;16.558052
45.000000;15.931774
46.000000;15.249872
47.000000;14.519543
48.000000;13.747986
49.000000;12.942399
50.000000;12.111290
51.000000;11.262510
52.000000;10.404572
53.000000;9.544667
54.000000;8.691963
55.000000;7.854963
56.000000;8.526395
57.000000;8.546682
58.000000;8.716175
59.000000;8.349049
60.000000;8.195261
61.000000;8.255466
62.000000;8.530975
63.000000;9.017862
64.000000;9.712852
65.000000;10.608749
66.000000;11.697044
67.000000;12.967266
68.000000;13.668801
69.000000;14.500565
70.000000;16.137260
71.000000;17.815186
72.000000;19.521904
73.000000;21.236475
74.000000;22.945812
75.000000;24.630936
76.000000;26.277447
77.000000;27.868336
78.000000;29.388546
79.000000;30.821716
80.000000;32.155418
81.000000;33.376556
82.000000;34.472054
83.000000;35.432739
84.000000;36.247486
85.000000;36.909103
86.000000;37.411041
87.000000;37.748062
88.000000;37.918213
89.000000;37.918213
90.000000;37.748062
91.000000;37.411041
92.000000;36.909103
93.000000;36.247486
94.000000;35.432739
95.000000;34.472054
96.000000;33.376556
97.000000;32.155418
98.000000;31.561209
99.000000;32.379883
100.000000;31.027859
101.000000;29.769417
102.000000;28.615025
103.000000;27.578428
104.000000;26.669443
105.000000;25.899195
106.000000;25.270954
107.000000;24.796503
108.000000;24.477800
109.000000;24.320742
110.000000;24.323359
111.000000;24.489582
112.000000;24.813519
113.000000;25.296478
114.000000;25.929298
115.000000;26.708054
116.000000;27.621616
117.000000;28.664104
118.000000;29.823078
119.000000;31.087410
120.000000;30.957836
121.000000;31.592621
122.000000;32.184212
123.000000;33.407318
124.000000;34.506081
125.000000;35.468731
126.000000;36.286751
127.000000;37.688511
128.000000;38.958080
129.000000;39.401775
130.000000;41.243301
131.000000;41.572475
132.000000;41.891830
133.000000;42.198097
134.000000;42.489967
135.000000;42.764824
136.000000;43.018082
137.000000;43.251053
138.000000;43.461121
139.000000;43.646973
140.000000;43.807961
141.000000;43.938847
142.000000;44.045517
143.000000;44.120117
144.000000;44.167236
145.000000;44.184250
146.000000;44.173126
147.000000;44.129936
148.000000;44.059258
149.000000;43.957825
150.000000;43.832176
151.000000;43.676422
152.000000;43.496460
153.000000;44.030464
154.000000;46.054577
155.000000;45.975391
156.000000;46.039528
157.000000;46.246319
158.000000;46.593815
159.000000;47.081352
160.000000;47.702396
161.000000;48.448433
162.000000;48.575390
163.000000;47.305817
164.000000;48.226585
165.000000;49.074707
166.000000;49.846916
167.000000;50.529476
168.000000;51.123032
169.000000;51.617771
170.000000;52.011074
171.000000;52.296402
172.000000;52.473095
173.000000;53.280643
174.000000;55.489304
175.000000;55.503044
176.000000;55.572411
177.000000;55.694786
178.000000;55.868858
179.000000;56.097904
180.000000;56.375381
181.000000;56.703239
182.000000;57.071022
183.000000;57.482655
184.000000;57.932892
185.000000;58.414539
186.000000;58.925644
187.000000;59.457031
188.000000;60.007393
189.000000;60.568882
190.000000;61.137573
191.000000;60.962841
192.000000;61.497498
193.000000;62.711441
194.000000;63.166920
195.000000;63.602760
196.000000;64.014389
197.000000;64.398529
198.000000;64.749954
199.000000;65.069305
200.000000;65.352669
201.000000;65.598076
202.000000;65.799637
203.000000;65.959969
204.000000;66.077103
205.000000;66.151711
206.000000;66.177231
207.000000;66.160217
208.000000;66.094780
209.000000;68.211807
210.000000;68.890450
211.000000;68.943451
212.000000;69.117523
213.000000;69.410049
214.000000;69.820374
215.000000;70.343903
216.000000;70.971481
217.000000;70.962326
218.000000;69.535706
219.000000;70.286316
220.000000;70.950546
221.000000;71.524475
222.000000;71.998924
223.000000;73.856812
224.000000;74.190567
225.000000;74.498795
226.000000;74.776917
227.000000;75.762474
228.000000;76.742790
229.000000;77.027466
230.000000;77.355331
231.000000;77.722458
232.000000;78.126228
233.000000;78.565338
234.000000;79.033905
235.000000;79.526016
236.000000;80.036469
237.000000;79.822472
238.000000;79.592117
239.000000;80.032547
240.000000;80.391815
241.000000;80.664055
242.000000;80.847946
243.000000;81.682976
244.000000;82.455200
245.000000;82.476135
246.000000;82.488571
247.000000;82.491188
248.000000;82.490524
249.000000;82.480064
250.000000;83.951843
251.000000;83.990463
252.000000;84.105637
253.000000;84.295410
254.000000;84.557175
255.000000;84.888306
256.000000;84.546707
257.000000;84.979279
258.000000;84.680206
259.000000;85.111481
260.000000;85.513283
261.000000;87.360046
262.000000;87.747452
263.000000;88.177414
264.000000;88.642052
265.000000;89.137444
266.000000;89.660980
267.000000;90.204803
268.000000;90.766281
269.000000;92.078400
270.000000;93.426483
271.000000;94.107086
272.000000;96.349106
273.000000;95.012146
274.000000;95.219589
275.000000;96.138390
276.000000;97.015961
277.000000;97.847076
278.000000;98.619934
279.000000;99.330635
280.000000;99.971962
281.000000;100.535416
282.000000;101.017723
283.000000;103.635391
284.000000;104.772766
285.000000;105.233475
286.000000;105.759628
287.000000;104.860458
288.000000;105.441582
289.000000;105.991943
290.000000;106.501732
291.000000;106.231461
292.000000;105.887238
293.000000;108.382523
294.000000;109.347137
295.000000;109.593857
296.000000;109.867401
297.000000;110.162544
298.000000;110.478622
299.000000;110.814346
300.000000;111.161179
301.000000;111.521103
302.000000;110.402054
303.000000;112.199089
304.000000;112.493576
305.000000;113.524277
306.000000;114.579201
307.000000;114.221237
308.000000;113.915619
309.000000;114.335106
310.000000;114.738876
311.000000;115.117783
312.000000;116.955383
313.000000;117.342789
314.000000;116.294426
315.000000;117.456009
316.000000;118.600601
317.000000;119.039047
318.000000;119.512848
319.000000;120.012161
320.000000;120.536354
321.000000;121.822937
322.000000;121.677002
323.000000;122.284958
324.000000;122.893562
325.000000;122.015335
326.000000;123.290787
327.000000;124.494919
328.000000;124.937965
329.000000;125.356140
330.000000;127.234314
331.000000;127.655098
332.000000;128.127594
333.000000;127.901169
334.000000;127.688477
335.000000;128.170135
336.000000;127.856003
337.000000;128.933838
338.000000;129.204758
339.000000;130.901672
340.000000;131.107147
341.000000;131.330292
342.000000;131.567200
343.000000;131.812607
344.000000;132.069153
345.000000;132.327637
346.000000;132.593979
347.000000;132.860352
348.000000;133.128647
349.000000;133.396301
350.000000;133.653473
351.000000;133.904114
352.000000;134.141678
353.000000;134.367462
354.000000;134.576874
355.000000;136.251526
356.000000;137.224640
357.000000;136.066330
358.000000;135.697876
359.000000;136.049301
360.000000;136.368011
361.000000;136.652008
362.000000;136.901352
363.000000;138.597595
364.000000;138.828613
365.000000;139.098236
366.000000;139.406479
367.000000;139.003357
368.000000;140.081146
369.000000;139.702271
370.000000;140.805603
371.000000;141.169464
372.000000;141.551636
373.000000;141.948212
374.000000;142.351349
375.000000;142.761017
376.000000;141.685791
377.000000;142.775406
378.000000;145.286392
379.000000;144.883942
380.000000;144.526611
381.000000;144.897034
382.000000;145.252365
383.000000;145.584152
384.000000;145.891739
385.000000;146.167236
386.000000;146.417877
387.000000;147.373993
388.000000;148.324860
389.000000;148.568954
390.000000;148.126556
391.000000;147.690735
392.000000;149.442596
393.000000;149.725952
394.000000;148.557816
395.000000;148.842499
396.000000;149.807755
397.000000;150.744888
398.000000;150.962814
399.000000;152.681976
400.000000;152.261169
401.000000;151.910400
402.000000;152.319412
403.000000;151.251404
404.000000;151.613953
405.000000;151.890778
406.000000;153.569992
407.000000;154.479004
408.000000;155.414154
409.000000;155.675919
410.000000;156.010315
411.000000;154.190399
412.000000;153.834381
413.000000;155.605225
414.000000;155.849976
415.000000;156.066620
416.000000;156.254425
417.000000;157.153595
418.000000;158.047546
419.000000;156.764862
420.000000;157.694794
421.000000;157.143768
422.000000;157.297562
423.000000;157.413391
424.000000;157.490601
425.000000;157.522675
426.000000;158.253662
427.000000;158.970901
428.000000;158.989227
429.000000;159.046829
430.000000;159.143005
431.000000;158.540298
432.000000;157.952637
433.000000;159.549408
434.000000;158.932922
435.000000;159.803314
436.000000;159.961685
437.000000;160.151489
438.000000;160.375931
439.000000;160.629211
440.000000;162.390228
441.000000;162.017212
442.000000;160.235229
443.000000;161.381104
444.000000;162.479889
445.000000;162.846344
446.000000;163.216766
447.000000;165.073334
448.000000;165.506561
449.000000;164.534103
450.000000;165.054352
451.000000;164.816162
452.000000;165.274231
453.000000;166.399185
454.000000;168.233521
455.000000;168.612427
456.000000;167.552917
457.000000;167.958649
458.000000;168.321213
459.000000;168.635986
460.000000;169.647064
461.000000;169.892471
462.000000;170.859039
463.000000;169.621536
464.000000;169.827667
465.000000;169.972961
466.000000;170.054749
467.000000;171.561234
468.000000;172.317734
469.000000;173.122025
470.000000;171.796158
471.000000;171.253662
472.000000;170.699341
473.000000;172.308563
474.000000;172.427673
475.000000;172.554626
476.000000;173.433517
477.000000;172.860245
478.000000;173.058533
479.000000;173.262711
480.000000;174.955017
481.000000;174.486481
482.000000;174.074844
483.000000;174.405319
484.000000;173.982574
485.000000;174.998871
486.000000;176.744202
487.000000;177.053101
488.000000;177.424164
489.000000;177.856705
490.000000;177.602142
491.000000;176.632294
492.000000;179.305603
493.000000;179.773499
494.000000;180.280029
495.000000;180.817307
496.000000;181.382721
497.000000;180.485504
498.000000;182.513550
499.000000;183.052124
500.000000;183.599884
501.000000;184.147614
502.000000;184.688843
503.000000;185.224792
504.000000;185.747025
505.000000;186.991714
506.000000;188.238373
507.000000;188.058411
508.000000;187.902008
509.000000;189.933975
510.000000;190.501343
511.000000;189.619202
512.000000;190.926727
513.000000;192.202179
514.000000;192.747955
515.000000;194.791718
516.000000;194.681122
517.000000;194.626160
518.000000;194.569855
519.000000;195.950027
520.000000;198.052673
521.000000;198.708389
522.000000;199.416473
523.000000;200.169052
524.000000;200.215515
525.000000;201.006714
526.000000;202.532135
527.000000;203.316803
528.000000;204.109314
529.000000;204.903107
530.000000;205.687744
531.000000;207.200104
532.000000;207.979523
533.000000;208.044296
534.000000;208.816528
535.000000;209.544876
536.000000;210.220245
537.000000;211.581406
538.000000;212.904663
539.000000;213.502777
540.000000;213.364716
541.000000;213.207001
542.000000;215.190536
543.000000;215.662994
544.000000;215.378357
545.000000;216.530121
546.000000;216.914276
547.000000;217.276154
548.000000;216.866501
549.000000;217.888031
550.000000;217.371033
551.000000;218.270874
552.000000;218.390625
553.000000;218.467224
554.000000;219.989365
555.000000;219.312683
556.000000;217.169464
557.000000;217.891968
558.000000;218.520203
559.000000;219.847382
560.000000;219.717133
561.000000;219.631393
562.000000;218.107254
563.000000;218.057541
564.000000;217.973114
565.000000;219.342804
566.000000;219.254456
567.000000;219.220428
568.000000;218.489441
569.000000;218.524811
570.000000;219.323822
571.000000;219.415436
572.000000;219.558762
573.000000;219.003815
574.000000;219.948151
575.000000;221.675812
576.000000;221.285782
577.000000;220.993225
578.000000;221.481445
579.000000;220.514221
580.000000;223.222198
581.000000;224.474731
582.000000;224.338623
583.000000;224.271210
584.000000;223.468231
585.000000;226.313660
586.000000;227.671570
587.000000;228.348892
588.000000;228.351501
589.000000;228.381607
590.000000;229.861908
591.000000;231.330414
592.000000;232.084961
593.000000;232.866989
594.000000;233.662094
595.000000;233.734711
596.000000;234.525269
597.000000;236.000336
598.000000;236.720840
599.000000;237.416504
600.000000;239.579971
601.000000;238.802551
602.000000;239.496231
603.000000;240.143433
604.000000;240.737640
605.000000;242.768951
606.000000;241.827255
607.000000;243.065414
608.000000;243.518280
609.000000;243.207428
610.000000;243.567993
611.000000;245.327728
612.000000;246.318512
613.000000;245.845398
614.000000;245.386627
615.000000;246.377411
616.000000;246.598602
617.000000;246.803436
618.000000;246.242615
619.000000;247.114304
620.000000;248.707794
621.000000;248.121429
622.000000;247.569107
623.000000;246.987991
624.000000;247.834808
625.000000;249.394272
626.000000;248.768646
627.000000;248.171158
628.000000;249.025192
629.000000;248.391724
630.000000;249.973450
631.000000;250.105606
632.000000;249.541504
633.000000;249.001633
634.000000;248.421173
635.000000;250.741089
636.000000;250.856232
637.000000;250.269882
638.000000;249.701843
639.000000;249.085403
640.000000;251.362762
641.000000;251.432129
642.000000;251.532257
643.000000;251.668365
644.000000;250.352997
645.000000;251.981842
646.000000;252.141510
647.000000;252.327362
648.000000;252.537430
649.000000;251.290131
650.000000;252.978516
651.000000;253.187927
652.000000;253.412384
653.000000;253.648651
654.000000;251.681458
655.000000;253.352203
656.000000;254.217987
657.000000;254.346893
658.000000;254.481049
659.000000;253.139511
660.000000;254.715973
661.000000;254.792572
662.000000;254.876312
663.000000;254.954865
664.000000;255.039932
665.000000;254.392715
666.000000;254.462067
667.000000;255.217926
668.000000;255.227753
669.000000;255.236908
670.000000;255.994064
671.000000;256.038574
672.000000;255.393967
673.000000;256.974396
674.000000;257.129486
675.000000;256.625580
676.000000;256.912842
677.000000;256.497314
678.000000;258.299561
679.000000;257.182495
680.000000;258.296326
681.000000;259.419922
682.000000;260.594604
683.000000;260.379333
684.000000;260.207214
685.000000;261.536316
686.000000;263.643524
687.000000;263.619324
688.000000;263.675629
689.000000;263.747620
690.000000;266.769714
691.000000;267.630920
692.000000;267.825928
693.000000;268.059570
694.000000;268.271606
695.000000;271.386597
696.000000;272.300171
697.000000;273.239899
698.000000;274.199982
699.000000;275.177673
700.000000;276.164520
701.000000;277.150055
702.000000;278.114685
703.000000;278.316895
704.000000;279.201019
705.000000;280.738861
706.000000;281.481628
707.000000;282.169434
708.000000;284.273376
709.000000;283.410889
710.000000;283.976257
711.000000;284.468414
712.000000;284.868256
713.000000;286.665894
714.000000;285.469666
715.000000;285.686951
716.000000;285.809296
717.000000;288.057220
718.000000;288.812439
719.000000;286.666565
720.000000;285.989929
721.000000;287.445343
722.000000;288.116760
723.000000;288.801941
724.000000;286.587402
725.000000;287.328857
726.000000;288.034302
727.000000;288.752869
728.000000;287.311829
729.000000;288.852997
730.000000;288.215576
731.000000;288.364136
732.000000;289.265259
733.000000;288.005493
734.000000;288.976013
735.000000;289.221436
736.000000;290.211548
737.000000;289.031647
738.000000;290.811646
739.000000;290.399414
740.000000;290.748840
741.000000;291.833862
742.000000;292.212128
743.000000;292.629639
744.000000;293.081177
745.000000;293.561523
746.000000;294.068726
747.000000;294.594177
748.000000;294.395264
749.000000;294.915527
750.000000;296.135986
751.000000;296.608490
752.000000;297.078369
753.000000;297.533203
754.000000;297.978821
755.000000;298.410767
756.000000;298.821716
757.000000;299.200623
758.000000;301.032990
759.000000;299.934235
760.000000;300.305298
761.000000;300.634460
762.000000;302.402039
763.000000;301.218872
764.000000;301.502869
765.000000;301.731262
766.000000;303.388245
767.000000;304.304443
768.000000;303.060364
769.000000;302.570892
770.000000;304.251404
771.000000;304.441193
772.000000;303.170990
773.000000;303.340454
774.000000;303.443848
775.000000;304.956177
776.000000;305.718658
777.000000;304.299866
778.000000;305.112640
779.000000;305.172852
780.000000;305.244843
781.000000;303.844360
782.000000;305.361969
783.000000;305.383575
784.000000;305.409729
785.000000;304.706909
786.000000;304.716064
787.000000;305.450317
788.000000;305.430695
789.000000;303.939941
790.000000;305.360687
791.000000;305.289307
792.000000;305.227173
793.000000;303.694519
794.000000;305.815521
795.000000;305.733643
796.000000;304.976501
797.000000;304.981079
798.000000;305.734344
799.000000;305.789307
800.000000;305.171509
801.000000;305.312225
802.000000;305.460144
803.000000;306.358643
804.000000;306.550415
805.000000;306.065460
806.000000;306.323975
807.000000;307.324585
808.000000;307.609253
809.000000;307.208069
810.000000;307.539246
811.000000;308.600647
812.000000;309.670654
813.000000;309.329712
814.000000;309.020813
815.000000;310.172577
816.000000;311.317810
817.000000;311.033813
818.000000;310.770081
819.000000;311.207214
820.000000;312.336060
821.000000;314.928894
822.000000;313.162598
823.000000;312.897583
824.000000;314.056549
825.000000;316.655884
826.000000;314.885712
827.000000;314.599060
828.000000;315.718750
829.000000;318.267090
830.000000;317.165710
831.000000;316.824066
832.000000;317.181396
833.000000;319.705444
834.000000;318.560913
835.000000;318.905762
836.000000;319.221863
837.000000;321.003784
838.000000;321.334351
839.000000;320.234924
840.000000;322.082947
841.000000;322.481506
842.000000;321.429871
843.000000;321.844055
844.000000;323.684326
845.000000;324.056702
846.000000;322.967712
847.000000;323.327667
848.000000;325.105072
849.000000;325.394287
850.000000;325.695984
851.000000;324.528503
852.000000;326.271881
853.000000;327.254150
854.000000;326.038940
855.000000;325.565125
856.000000;327.970734
857.000000;328.894104
858.000000;326.921082
859.000000;327.909851
860.000000;328.125854
861.000000;329.067535
862.000000;327.794739
863.000000;328.727905
864.000000;329.624451
865.000000;330.525574
866.000000;329.256042
867.000000;330.216736
868.000000;330.445068
869.000000;331.417542
870.000000;331.693756
871.000000;331.286011
872.000000;331.642029
873.000000;332.726379
874.000000;333.107910
875.000000;332.787262
876.000000;333.219818
877.000000;335.849915
878.000000;334.853271
879.000000;334.647125
880.000000;335.169312
881.000000;337.874695
882.000000;336.935577
883.000000;337.502991
884.000000;338.066437
885.000000;338.618134
886.000000;339.159302
887.000000;339.678284
888.000000;341.655273
889.000000;340.698486
890.000000;341.210205
891.000000;341.683411
892.000000;343.591675
893.000000;342.551819
894.000000;342.958191
895.000000;343.314209
896.000000;345.085052
897.000000;343.896637
898.000000;344.140076
899.000000;345.804901
900.000000;345.973145
901.000000;344.672089
902.000000;344.799072
903.000000;346.340210
904.000000;344.897278
905.000000;344.888062
906.000000;344.799713
907.000000;346.125580
908.000000;345.209412
909.000000;345.016968
910.000000;345.550323
911.000000;345.340271
912.000000;344.403198
913.000000;344.197693
914.000000;344.721832
915.000000;345.255920
916.000000;344.354736
917.000000;344.989502
918.000000;344.198975
919.000000;344.927368
920.000000;343.485657
921.000000;344.293854
922.000000;344.365845
923.000000;343.726532
924.000000;346.047028
925.000000;345.485535
926.000000;345.003235
927.000000;344.542572
928.000000;346.300964
929.000000;345.877563
930.000000;346.215240
931.000000;347.298340
932.000000;347.681763
933.000000;347.375519
934.000000;347.815918
935.000000;348.989319
936.000000;349.442139
937.000000;349.190857
938.000000;350.404785
939.000000;351.625977
940.000000;351.416534
941.000000;351.228699
942.000000;352.491699
943.000000;353.736450
944.000000;353.534241
945.000000;353.329407
946.000000;354.559692
947.000000;355.748169
948.000000;356.956177
949.000000;355.979126
950.000000;357.208130
951.000000;357.689148
952.000000;357.428009
953.000000;357.876282
954.000000;359.003174
955.000000;360.851318
956.000000;359.037201
957.000000;359.418091
958.000000;360.462524
959.000000;362.217743
960.000000;360.294983
961.000000;360.558716
962.000000;362.953918
963.000000;361.664734
964.000000;361.840759
965.000000;361.971588
966.000000;363.545502
967.000000;362.167969
968.000000;362.254333
969.000000;363.773865
970.000000;363.832825
971.000000;362.436890
972.000000;363.985291
973.000000;364.062500
974.000000;362.694794
975.000000;363.518677
976.000000;365.057861
977.000000;364.444000
978.000000;363.116882
979.000000;364.726074
980.000000;364.858215
981.000000;363.536987
982.000000;365.884399
983.000000;366.035522
984.000000;365.525116
985.000000;365.784912
986.000000;366.790771
987.000000;367.107513
988.000000;365.264648
989.000000;367.084595
990.000000;368.138855
991.000000;368.487000
992.000000;368.151306
993.000000;369.288025
994.000000;370.449615
995.000000;368.710785
996.000000;369.919495
997.000000;371.083740
998.000000;370.767639
999.000000;371.929199
1000.000000;372.342834
1001.000000;373.494568
1002.000000;373.201416
1003.000000;372.921967
1004.000000;374.071808
1005.000000;373.713837
1006.000000;374.802094
1007.000000;375.119507
1008.000000;376.145691
1009.000000;376.442749
1010.000000;376.012085
1011.000000;376.304657
1012.000000;377.296143
1013.000000;376.807251
1014.000000;376.294159
1015.000000;377.185547
1016.000000;378.015991
1017.000000;377.364136
1018.000000;377.423706
1019.000000;378.168427
1020.000000;378.164520
1021.000000;377.419128
1022.000000;378.869965
1023.000000;378.099091
1024.000000;378.086670
1025.000000;377.332764
1026.000000;377.288239
1027.000000;377.934143
1028.000000;377.097809
1029.000000;377.716248
1030.000000;376.830139
1031.000000;377.397522
1032.000000;377.972748
1033.000000;376.357025
1034.000000;376.944031
1035.000000;376.792908
1036.000000;375.913971
1037.000000;375.758209
1038.000000;376.307922
1039.000000;376.872009
1040.000000;374.513519
1041.000000;375.086151
1042.000000;377.103760
1043.000000;374.754333
1044.000000;374.639832
1045.000000;376.728088
1046.000000;374.446716
1047.000000;374.412079
1048.000000;376.577576
1049.000000;375.116211
1050.000000;374.447388
1051.000000;374.516785
1052.000000;376.788971
1053.000000;375.431641
1054.000000;375.607056
1055.000000;377.286316
1056.000000;376.078888
1057.000000;375.659363
1058.000000;377.452515
1059.000000;378.522491
1060.000000;377.451843
1061.000000;379.377808
1062.000000;379.884338
1063.000000;378.982544
1064.000000;380.322144
1065.000000;380.937256
1066.000000;380.815582
1067.000000;381.430725
1068.000000;383.493408
1069.000000;384.098114
1070.000000;383.251953
1071.000000;384.607208
1072.000000;385.196869
1073.000000;385.011658
1074.000000;387.002411
1075.000000;387.499115
1076.000000;386.513550
1077.000000;388.436890
1078.000000;389.595215
1079.000000;390.026459
1080.000000;388.275269
1081.000000;390.157349
1082.000000;390.515320
1083.000000;390.853607
1084.000000;391.162537
1085.000000;392.184784
1086.000000;390.970764
1087.000000;391.945190
1088.000000;392.127167
1089.000000;393.004059
1090.000000;393.127747
1091.000000;392.527649
1092.000000;393.365997
1093.000000;394.192505
1094.000000;393.566162
1095.000000;392.962189
1096.000000;393.787415
1097.000000;393.856750
1098.000000;393.191895
1099.000000;395.449646
1100.000000;394.772308
1101.000000;394.152557
1102.000000;395.027527
1103.000000;394.422852
1104.000000;395.300415
1105.000000;396.205444
1106.000000;394.945129
1107.000000;395.901154
1108.000000;396.881470
1109.000000;395.694397
1110.000000;396.711304
1111.000000;397.745300
1112.000000;395.863190
1113.000000;396.894592
1114.000000;399.360413
1115.000000;398.924561
1116.000000;397.801575
1117.000000;400.356445
1118.000000;399.995148
1119.000000;398.943542
1120.000000;401.554688
1121.000000;401.979370
1122.000000;400.984009
1123.000000;402.954468
1124.000000;403.473389
1125.000000;401.811188
1126.000000;403.822205
1127.000000;405.044739
1128.000000;404.076111
1129.000000;406.043945
1130.000000;406.531494
1131.000000;407.031464
1132.000000;407.552368
1133.000000;408.081848
1134.000000;408.615173
1135.000000;409.145203
1136.000000;409.671387
1137.000000;410.186462
1138.000000;410.684448
1139.000000;411.164795
1140.000000;411.617615
1141.000000;412.040405
1142.000000;411.691559
1143.000000;412.018127
1144.000000;414.477478
1145.000000;413.239929
1146.000000;413.462402
1147.000000;413.642426
1148.000000;413.767395
1149.000000;413.845215
1150.000000;415.360291
1151.000000;413.911377
1152.000000;414.656738
1153.000000;416.125916
1154.000000;413.945404
1155.000000;414.701233
1156.000000;416.182190
1157.000000;414.013489
1158.000000;414.781067
1159.000000;417.011353
1160.000000;414.879272
1161.000000;414.254272
1162.000000;416.546051
1163.000000;415.164581
1164.000000;414.543518
1165.000000;416.836609
1166.000000;416.190033
1167.000000;415.589294
1168.000000;417.211609
1169.000000;416.635071
1170.000000;416.101685
1171.000000;417.784851
1172.000000;417.263275
1173.000000;416.780334
1174.000000;417.766541
1175.000000;417.257385
1176.000000;418.201050
1177.000000;419.154572
1178.000000;417.915771
1179.000000;418.869202
1180.000000;419.826660
1181.000000;417.842468
1182.000000;418.758606
1183.000000;420.361328
1184.000000;418.272400
1185.000000;419.080597
1186.000000;420.570709
1187.000000;418.366638
1188.000000;419.061584
1189.000000;421.173462
1190.000000;418.883636
1191.000000;419.547882
1192.000000;420.185272
1193.000000;418.615967
1194.000000;419.258606
1195.000000;419.879669
1196.000000;418.294647
1197.000000;418.926788
1198.000000;419.539368
1199.000000;418.693176
1200.000000;419.348877
1201.000000;418.562958
1202.000000;417.775696
1203.000000;419.187317
1204.000000;418.408539
1205.000000;417.635651
1206.000000;419.797211
1207.000000;419.058350
1208.000000;419.119202
1209.000000;419.958191
1210.000000;419.398010
1211.000000;419.631592
1212.000000;420.639435
1213.000000;420.242859
1214.000000;420.631592
1215.000000;421.783966
1216.000000;421.522888
1217.000000;422.033325
1218.000000;423.295044
1219.000000;424.614380
1220.000000;423.783264
1221.000000;425.190857
1222.000000;426.634552
1223.000000;425.915344
1224.000000;427.411316
1225.000000;429.661255
1226.000000;429.014038
1227.000000;429.870605
1228.000000;432.200989
1229.000000;430.874512
1230.000000;433.221893
1231.000000;434.802368
1232.000000;433.456177
1233.000000;435.764313
1234.000000;437.279968
1235.000000;435.842834
1236.000000;438.039734
1237.000000;439.420593
1238.000000;438.570435
1239.000000;440.617493
1240.000000;441.146912
1241.000000;440.169800
1242.000000;442.076813
1243.000000;442.452454
1244.000000;441.309784
1245.000000;443.777649
1246.000000;443.992310
1247.000000;443.476593
1248.000000;444.403931
1249.000000;444.576721
1250.000000;444.013245
1251.000000;444.150696
1252.000000;444.236389
1253.000000;444.275635
1254.000000;445.007996
1255.000000;444.232452
1256.000000;444.909790
1257.000000;444.836487
1258.000000;445.483643
1259.000000;444.685364
1260.000000;444.640198
1261.000000;445.316162
1262.000000;444.551819
1263.000000;445.285400
1264.000000;444.550476
1265.000000;445.308350
1266.000000;446.840942
1267.000000;445.509216
1268.000000;445.719971
1269.000000;446.711334
1270.000000;445.539337
1271.000000;446.593628
1272.000000;446.931885
1273.000000;447.295166
1274.000000;449.159576
1275.000000;447.397827
1276.000000;447.863831
1277.000000;450.513580
1278.000000;448.771484
1279.000000;449.251831
1280.000000;451.893066
1281.000000;450.137939
1282.000000;450.584229
1283.000000;451.701294
1284.000000;452.049469
1285.000000;453.860901
1286.000000;452.731995
1287.000000;452.338074
1288.000000;454.105011
1289.000000;453.616791
1290.000000;453.107056
1291.000000;454.754150
1292.000000;454.134430
1293.000000;454.236572
1294.000000;454.286865
1295.000000;454.289551
1296.000000;456.474670
1297.000000;454.991669
1298.000000;454.275818
1299.000000;455.748230
1300.000000;454.260712
1301.000000;455.723389
1302.000000;456.453705
1303.000000;455.025757
1304.000000;455.853607
1305.000000;456.693207
1306.000000;456.857452
1307.000000;456.370605
1308.000000;457.393433
1309.000000;457.735718
1310.000000;457.413696
1311.000000;457.114014
1312.000000;459.028168
1313.000000;459.500000
1314.000000;459.267090
1315.000000;461.287231
1316.000000;461.877441
1317.000000;462.546997
1318.000000;462.548279
1319.000000;463.323120
1320.000000;464.840759
1321.000000;464.924438
1322.000000;464.270691
1323.000000;467.250916
1324.000000;467.261353
1325.000000;468.001556
1326.000000;469.445862
1327.000000;468.656616
1328.000000;470.776245
1329.000000;471.375732
1330.000000;469.737640
1331.000000;471.702332
1332.000000;472.821960
1333.000000;473.164917
1334.000000;473.477692
1335.000000;473.751892
1336.000000;473.251282
1337.000000;473.423401
1338.000000;474.238770
1339.000000;475.011047
1340.000000;475.023407
1341.000000;474.303589
1342.000000;475.028687
1343.000000;474.993317
1344.000000;474.229614
1345.000000;474.909546
1346.000000;476.313904
1347.000000;474.088928
1348.000000;474.071899
1349.000000;474.013000
1350.000000;473.920715
1351.000000;474.520813
1352.000000;474.381409
1353.000000;473.510437
1354.000000;475.574463
1355.000000;473.990112
1356.000000;473.187805
1357.000000;475.321228
1358.000000;473.806885
1359.000000;473.815369
1360.000000;473.829163
1361.000000;473.121643
1362.000000;475.351929
1363.000000;474.671387
1364.000000;474.060791
1365.000000;474.211975
1366.000000;474.363770
1367.000000;475.272095
1368.000000;474.723755
1369.000000;474.925903
1370.000000;474.397125
1371.000000;475.312073
1372.000000;475.468384
1373.000000;474.887329
1374.000000;475.746582
1375.000000;477.321716
1376.000000;475.997925
1377.000000;476.155579
1378.000000;477.055389
1379.000000;476.480865
1380.000000;478.124695
1381.000000;476.116943
1382.000000;477.041016
1383.000000;478.668488
1384.000000;476.643799
1385.000000;479.030457
1386.000000;479.210388
1387.000000;477.236664
1388.000000;479.662598
1389.000000;478.403503
1390.000000;479.366791
1391.000000;480.316986
1392.000000;479.076233
1393.000000;480.794739
1394.000000;481.777710
1395.000000;481.360779
1396.000000;481.730530
1397.000000;481.379791
1398.000000;482.521057
1399.000000;482.936646
1400.000000;482.619934
1401.000000;483.780792
1402.000000;482.720062
1403.000000;483.085205
1404.000000;484.119141
1405.000000;483.617920
1406.000000;485.265747
1407.000000;484.673401
1408.000000;484.041321
1409.000000;485.552979
1410.000000;484.084503
1411.000000;486.247375
1412.000000;485.454834
1413.000000;483.933350
1414.000000;486.040527
1415.000000;485.200256
1416.000000;483.631042
1417.000000;485.692352
1418.000000;483.326660
1419.000000;484.625031
1420.000000;485.154449
1421.000000;483.499451
1422.000000;484.801758
1423.000000;483.912384
1424.000000;483.786682
1425.000000;484.407135
1426.000000;482.113342
1427.000000;483.494873
1428.000000;484.115906
1429.000000;483.314880
1430.000000;483.284180
1431.000000;482.519775
1432.000000;483.234375
1433.000000;483.218750
1434.000000;482.470703
1435.000000;483.935913
1436.000000;483.970001
1437.000000;484.054993
1438.000000;484.197693
1439.000000;482.919647
1440.000000;483.860657
1441.000000;484.068115
1442.000000;485.012451
1443.000000;485.258484
1444.000000;484.077271
1445.000000;485.840240
1446.000000;485.401184
1447.000000;484.231110
1448.000000;486.688385
1449.000000;485.449585
1450.000000;487.149780
1451.000000;487.370941
1452.000000;486.133484
1453.000000;487.828430
1454.000000;486.557495
1455.000000;488.212555
1456.000000;488.381348
1457.000000;487.081055
1458.000000;488.709229
1459.000000;487.353333
1460.000000;487.441620
1461.000000;488.935669
1462.000000;487.461304
1463.000000;488.898987
1464.000000;488.849304
1465.000000;488.065979
1466.000000;489.488617
1467.000000;488.736084
1468.000000;489.479492
1469.000000;489.522675
1470.000000;487.413513
1471.000000;489.701996
1472.000000;489.787720
1473.000000;489.195496
1474.000000;489.357086
1475.000000;488.050934
1476.000000;490.391113
1477.000000;490.519348
1478.000000;489.971008
1479.000000;490.899536
1480.000000;492.610901
1481.000000;491.459106
1482.000000;492.580139
1483.000000;492.294128
1484.000000;492.791504
1485.000000;494.786804
1486.000000;493.909241
1487.000000;495.274353
1488.000000;495.212219
1489.000000;495.905212
1490.000000;497.316162
1491.000000;497.284058
1492.000000;497.979736
1493.000000;499.386719
1494.000000;499.318665
1495.000000;499.964539
1496.000000;501.302185
1497.000000;501.881989
1498.000000;503.934296
1499.000000;502.324371
1500.000000;502.899628
1501.000000;504.139740
1502.000000;503.856384
1503.000000;505.731262
1504.000000;505.345184
1505.000000;505.669067
1506.000000;505.944641
1507.000000;505.428894
1508.000000;507.055847
1509.000000;506.406647
1510.000000;506.462280
1511.000000;507.939941
1512.000000;506.457703
1513.000000;507.906525
1514.000000;506.390289
1515.000000;506.324860
1516.000000;507.685364
1517.000000;506.083374
1518.000000;508.161804
1519.000000;506.564331
1520.000000;505.734558
1521.000000;507.081970
1522.000000;505.474121
1523.000000;506.815002
1524.000000;506.683411
1525.000000;505.102417
1526.000000;507.211548
1527.000000;505.656006
1528.000000;506.366089
1529.000000;506.354279
1530.000000;506.377197
1531.000000;507.192627
1532.000000;505.846436
1533.000000;506.759399
1534.000000;507.690613
1535.000000;507.935974
1536.000000;507.539490
1537.000000;508.651245
1538.000000;509.076660
1539.000000;509.579285
1540.000000;510.125671
1541.000000;510.001404
1542.000000;511.365845
1543.000000;512.016296
1544.000000;511.232330
1545.000000;513.371582
1546.000000;513.297668
1547.000000;514.684998
1548.000000;515.327026
1549.000000;514.501099
1550.000000;516.569031
1551.000000;516.389709
1552.000000;517.648865
1553.000000;518.130493
1554.000000;517.862183
1555.000000;519.008057
1556.000000;519.363464
1557.000000;519.705078
1558.000000;520.732422
1559.000000;520.276978
1560.000000;520.532898
1561.000000;520.729248
1562.000000;520.158569
1563.000000;520.973267
1564.000000;520.985046
1565.000000;520.219421
1566.000000;520.840454
1567.000000;520.666382
1568.000000;520.449097
1569.000000;520.179443
1570.000000;519.138916
1571.000000;519.494263
1572.000000;519.069641
1573.000000;517.877930
1574.000000;518.100952
1575.000000;517.546143
1576.000000;516.984619
1577.000000;516.404785
1578.000000;515.087463
1579.000000;515.211060
1580.000000;514.583618
1581.000000;513.980835
1582.000000;513.385376
1583.000000;512.084961
1584.000000;512.253235
1585.000000;511.697632
1586.000000;511.197632
1587.000000;511.471130
1588.000000;510.348206
1589.000000;511.517029
1590.000000;509.821411
1591.000000;508.967377
1592.000000;509.608704
1593.000000;509.555054
1594.000000;509.573364
1595.000000;509.641418
1596.000000;509.041351
1597.000000;509.939850
1598.000000;510.139435
1599.000000;510.405151
1600.000000;511.452209
1601.000000;509.619141
1602.000000;511.494690
1603.000000;511.895874
1604.000000;511.603394
1605.000000;512.789185
1606.000000;513.243286
1607.000000;513.739990
1608.000000;514.242004
1609.000000;514.767456
1610.000000;516.032471
1611.000000;515.857056
1612.000000;516.440796
1613.000000;517.004883
1614.000000;516.825623
1615.000000;518.073608
1616.000000;518.544678
1617.000000;519.000916
1618.000000;521.642090
1619.000000;519.892212
1620.000000;520.367310
1621.000000;520.786133
1622.000000;521.171631
1623.000000;523.717285
1624.000000;521.859375
1625.000000;522.201660
1626.000000;523.215332
1627.000000;523.458130
1628.000000;525.168762
1629.000000;524.679199
1630.000000;526.438965
1631.000000;525.310791
1632.000000;527.171265
1633.000000;527.625427
1634.000000;528.885132
1635.000000;529.520020
1636.000000;528.788330
1637.000000;531.061768
1638.000000;531.935425
1639.000000;532.890869
1640.000000;533.935303
1641.000000;533.565552
1642.000000;536.161621
1643.000000;537.303650
1644.000000;538.482849
1645.000000;538.952148
1646.000000;538.670654
1647.000000;541.976807
1648.000000;543.040894
1649.000000;544.078125
1650.000000;544.358215
1651.000000;543.822876
1652.000000;546.837158
1653.000000;546.071472
1654.000000;548.145996
1655.000000;548.651794
1656.000000;549.080444
1657.000000;549.439087
1658.000000;547.492249
1659.000000;549.086975
1660.000000;549.776123
1661.000000;549.640625
1662.000000;549.424744
1663.000000;548.391357
1664.000000;547.994873
1665.000000;548.210754
1666.000000;547.615967
1667.000000;546.962158
1668.000000;546.987671
1669.000000;546.260010
1670.000000;544.795288
1671.000000;544.044739
1672.000000;543.270630
1673.000000;542.469543
1674.000000;541.672546
1675.000000;540.861572
1676.000000;540.059326
1677.000000;540.758301
1678.000000;539.301514
1679.000000;538.679810
1680.000000;537.387329
1681.000000;536.890625
1682.000000;536.431274
1683.000000;536.028748
1684.000000;537.156372
1685.000000;535.433899
1686.000000;535.274902
1687.000000;535.174744
1688.000000;535.138062
1689.000000;536.640015
1690.000000;535.295898
1691.000000;536.999268
1692.000000;535.849487
1693.000000;535.520935
1694.000000;535.945679
1695.000000;536.370422
1696.000000;536.798401
1697.000000;537.211914
1698.000000;537.624268
1699.000000;538.013672
1700.000000;537.656982
1701.000000;538.716431
1702.000000;539.000488
1703.000000;539.265625
1704.000000;539.494629
1705.000000;540.446777
1706.000000;539.895142
1707.000000;540.067871
1708.000000;540.205933
1709.000000;542.529785
1710.000000;542.683533
1711.000000;541.434937
1712.000000;542.440186
1713.000000;541.245728
1714.000000;543.728027
1715.000000;544.029663
1716.000000;542.921143
1717.000000;544.050049
1718.000000;542.963623
1719.000000;545.538208
1720.000000;544.430847
1721.000000;546.291992
1722.000000;546.690552
1723.000000;545.655273
1724.000000;547.566162
1725.000000;546.525024
1726.000000;548.428711
1727.000000;547.365845
1728.000000;549.240784
1729.000000;549.626282
1730.000000;548.549072
1731.000000;550.391235
1732.000000;548.508545
1733.000000;550.261719
1734.000000;549.711304
1735.000000;550.590210
1736.000000;550.673279
1737.000000;549.221191
1738.000000;550.647705
1739.000000;549.768311
1740.000000;550.318604
1741.000000;548.590942
1742.000000;549.727051
1743.000000;549.335632
1744.000000;548.162354
1745.000000;549.167480
1746.000000;547.202271
1747.000000;548.174133
1748.000000;546.184631
1749.000000;547.142822
1750.000000;546.632935
1751.000000;546.175537
1752.000000;545.766479
1753.000000;543.923706
1754.000000;545.053284
1755.000000;543.250854
1756.000000;544.427612
1757.000000;544.901367
1758.000000;544.733826
1759.000000;543.949829
1760.000000;542.501587
1761.000000;544.033020
1762.000000;542.644287
1763.000000;544.237122
1764.000000;544.394165
1765.000000;544.620605
1766.000000;544.912476
1767.000000;544.527710
1768.000000;544.919067
1769.000000;544.566284
1770.000000;546.433350
1771.000000;546.837158
1772.000000;547.290649
1773.000000;546.297852
1774.000000;547.507935
1775.000000;547.960083
1776.000000;547.636169
1777.000000;549.503296
1778.000000;548.395264
1779.000000;550.209351
1780.000000;550.532593
1781.000000;550.864441
1782.000000;551.201416
1783.000000;551.537842
1784.000000;551.876831
1785.000000;550.730225
1786.000000;552.478882
1787.000000;552.714417
1788.000000;552.936279
1789.000000;553.149658
1790.000000;553.344604
1791.000000;553.521973
1792.000000;552.198059
1793.000000;553.756958
1794.000000;553.794189
1795.000000;553.805298
1796.000000;553.799438
1797.000000;553.770020
1798.000000;553.719727
1799.000000;552.905457
1800.000000;554.262207
1801.000000;553.405518
1802.000000;553.280518
1803.000000;553.134583
1804.000000;553.715698
1805.000000;553.569824
1806.000000;552.719604
1807.000000;552.607178
1808.000000;552.478821
1809.000000;552.346069
1810.000000;552.204712
1811.000000;552.792297
1812.000000;552.666626
1813.000000;551.844116
1814.000000;551.768188
1815.000000;551.686401
1816.000000;552.345337
1817.000000;553.772644
1818.000000;552.345337
1819.000000;552.454590
1820.000000;551.873535
1821.000000;552.035156
1822.000000;552.192810
1823.000000;553.086182
1824.000000;554.743774
1825.000000;552.795593
1826.000000;553.089355
1827.000000;553.364990
1828.000000;554.366821
1829.000000;554.637146
1830.000000;554.197388
1831.000000;553.732666
1832.000000;555.429626
1833.000000;555.647461
1834.000000;555.864136
1835.000000;555.356995
1836.000000;555.561157
1837.000000;555.722168
1838.000000;556.585938
1839.000000;556.695312
1840.000000;556.068970
1841.000000;556.145508
1842.000000;556.175049
1843.000000;556.161865
1844.000000;556.106934
1845.000000;556.000244
1846.000000;555.855713
1847.000000;555.664551
1848.000000;555.438171
1849.000000;555.173706
1850.000000;554.868774
1851.000000;554.536987
1852.000000;554.169922
1853.000000;553.046265
1854.000000;551.124817
1855.000000;552.782471
1856.000000;552.177124
1857.000000;551.567261
1858.000000;550.219116
1859.000000;549.587646
1860.000000;549.658325
1861.000000;547.513123
1862.000000;548.304382
1863.000000;546.879639
1864.000000;546.206360
1865.000000;546.264465
1866.000000;545.625854
1867.000000;545.047913
1868.000000;542.305298
1869.000000;543.250977
1870.000000;541.965637
1871.000000;542.180298
1872.000000;541.686157
1873.000000;539.738708
1874.000000;540.760254
1875.000000;538.837585
1876.000000;539.145142
1877.000000;537.973694
1878.000000;539.014893
1879.000000;537.150452
1880.000000;536.771606
1881.000000;535.653137
1882.000000;535.242859
1883.000000;536.272888
1884.000000;535.104065
1885.000000;536.182617
1886.000000;533.630310
1887.000000;533.314941
1888.000000;532.970032
1889.000000;533.356140
1890.000000;534.496765
1891.000000;532.027649
1892.000000;533.291504
1893.000000;531.637634
1894.000000;531.489746
1895.000000;532.817566
1896.000000;531.239075
1897.000000;532.650024
1898.000000;531.157288
1899.000000;533.390137
1900.000000;532.003479
1901.000000;531.432800
1902.000000;531.603638
1903.000000;531.772461
1904.000000;533.416321
1905.000000;532.148071
1906.000000;533.858765
1907.000000;532.647461
1908.000000;532.936035
1909.000000;533.195801
1910.000000;533.445190
1911.000000;533.665649
1912.000000;533.127686
1913.000000;534.760559
1914.000000;534.141418
1915.000000;534.261902
1916.000000;534.345581
1917.000000;534.402527
1918.000000;535.911011
1919.000000;534.476501
1920.000000;536.007935
1921.000000;534.591675
1922.000000;534.652588
1923.000000;534.674805
1924.000000;534.663635
1925.000000;536.106079
1926.000000;534.607361
1927.000000;536.061523
1928.000000;534.576660
1929.000000;534.564209
1930.000000;534.519714
1931.000000;534.446411
1932.000000;535.820679
1933.000000;534.259277
1934.000000;535.659058
1935.000000;534.861206
1936.000000;534.832520
1937.000000;535.560791
1938.000000;534.109375
1939.000000;535.616577
1940.000000;534.926025
1941.000000;536.489502
1942.000000;534.418884
1943.000000;536.061523
1944.000000;536.242188
1945.000000;535.729614
1946.000000;537.460022
1947.000000;535.547791
1948.000000;537.335693
1949.000000;536.168823
1950.000000;537.948242
1951.000000;538.251160
1952.000000;537.097412
1953.000000;538.881348
1954.000000;537.692993
1955.000000;539.438965
1956.000000;538.208008
1957.000000;539.901611
1958.000000;540.100586
1959.000000;538.827026
1960.000000;540.469666
1961.000000;539.127441
1962.000000;540.703369
1963.000000;538.550293
1964.000000;540.026611
1965.000000;540.684937
1966.000000;539.124878
1967.000000;540.475464
1968.000000;538.839539
1969.000000;540.124817
1970.000000;538.426514
1971.000000;539.653015
1972.000000;539.389832
1973.000000;539.139221
1974.000000;538.915405
1975.000000;537.222412
1976.000000;539.209351
1977.000000;537.516907
1978.000000;538.067993
1979.000000;537.897095
1980.000000;537.754456
1981.000000;538.389893
1982.000000;538.346069
1983.000000;537.647217
1984.000000;537.732849
1985.000000;537.851379
1986.000000;540.229492
1987.000000;539.020813
1988.000000;538.654968
1989.000000;539.062012
1990.000000;539.493286
1991.000000;540.679688
1992.000000;541.175171
1993.000000;542.464966
1994.000000;541.605103
1995.000000;542.242432
1996.000000;543.616089
1997.000000;544.262024
1998.000000;544.193970
1999.000000;544.849731
2000.000000;546.951660
2001.000000;546.850220
2002.000000;547.492859
2003.000000;547.394043
2004.000000;547.982361
2005.000000;548.505249
2006.000000;549.702148
2007.000000;550.111816
2008.000000;549.753174
2009.000000;551.544434
2010.000000;550.341553
2011.000000;551.302124
2012.000000;551.457336
2013.000000;550.835632
2014.000000;551.604492
2015.000000;551.569214
2016.000000;552.982727
2017.000000;551.427917
2018.000000;550.603210
2019.000000;551.168091
2020.000000;550.938354
2021.000000;550.673950
2022.000000;551.102661
2023.000000;551.531250
2024.000000;549.770935
2025.000000;549.480347
2026.000000;549.164246
2027.000000;549.562134
2028.000000;548.484314
2029.000000;548.147949
2030.000000;549.266357
2031.000000;547.477783
2032.000000;549.402466
2033.000000;546.964722
2034.000000;548.267029
2035.000000;546.651306
2036.000000;546.549805
2037.000000;547.179443
2038.000000;546.361389
2039.000000;547.786011
2040.000000;546.295288
2041.000000;547.805664
2042.000000;547.145386
2043.000000;548.024841
2044.000000;546.754028
2045.000000;548.458740
2046.000000;547.265137
2047.000000;548.300415
2048.000000;548.614502
2049.000000;548.962036
2050.000000;549.331055
2051.000000;549.727051
2052.000000;551.622925
2053.000000;550.622925
2054.000000;552.622803
2055.000000;550.980225
2056.000000;551.557434
2057.000000;552.814575
2058.000000;553.314575
2059.000000;555.283020
2060.000000;554.323669
2061.000000;556.329407
2062.000000;555.394287
2063.000000;557.415771
2064.000000;556.482544
2065.000000;557.012634
2066.000000;558.973267
2067.000000;557.969482
2068.000000;559.894653
2069.000000;558.844360
2070.000000;560.717896
2071.000000;559.609375
2072.000000;559.927429
2073.000000;560.169495
2074.000000;560.318848
2075.000000;561.880249
2076.000000;560.441772
2077.000000;561.914185
2078.000000;560.387512
2079.000000;561.768311
2080.000000;560.160400
2081.000000;561.461365
2082.000000;561.993408
2083.000000;560.335083
2084.000000;561.638733
2085.000000;559.994202
2086.000000;560.578613
2087.000000;559.665039
2088.000000;560.963989
2089.000000;560.816772
2090.000000;560.725159
2091.000000;559.957520
2092.000000;560.691772
2093.000000;560.733643
2094.000000;560.839722
2095.000000;561.001953
2096.000000;561.222534
2097.000000;562.236206
2098.000000;560.363892
2099.000000;562.208740
2100.000000;562.583008
2101.000000;563.006470
2102.000000;564.203979
2103.000000;564.718506
2104.000000;565.315186
2105.000000;565.228882
2106.000000;565.917969
2107.000000;567.342529
2108.000000;568.064453
2109.000000;567.344604
2110.000000;568.816406
2111.000000;569.521790
2112.000000;570.190002
2113.000000;570.834595
2114.000000;571.435974
2115.000000;572.000122
2116.000000;571.761230
2117.000000;572.931396
2118.000000;571.802490
2119.000000;574.256531
2120.000000;573.690430
2121.000000;573.818115
2122.000000;573.864502
2123.000000;573.852783
2124.000000;573.770874
2125.000000;572.879639
2126.000000;573.381592
2127.000000;571.565552
2128.000000;572.617859
2129.000000;572.092407
2130.000000;570.790771
2131.000000;570.886841
2132.000000;570.184692
2133.000000;569.466858
2134.000000;568.708984
2135.000000;567.211060
2136.000000;567.137085
2137.000000;566.309326
2138.000000;565.494507
2139.000000;564.687683
2140.000000;563.907593
2141.000000;563.887268
2142.000000;562.458740
2143.000000;561.827148
2144.000000;561.235596
2145.000000;560.704834
2146.000000;560.228455
2147.000000;561.305664
2148.000000;559.538086
2149.000000;560.098267
2150.000000;559.270325
2151.000000;559.260620
2152.000000;559.335815
2153.000000;559.477783
2154.000000;559.697144
2155.000000;560.721191
2156.000000;560.360107
2157.000000;560.823914
2158.000000;561.331177
2159.000000;561.905762
2160.000000;562.520203
2161.000000;562.442383
2162.000000;563.844116
2163.000000;564.518188
2164.000000;565.228821
2165.000000;565.942810
2166.000000;566.674438
2167.000000;567.398865
2168.000000;567.390991
2169.000000;568.807861
2170.000000;569.458374
2171.000000;568.597717
2172.000000;570.614014
2173.000000;570.350281
2174.000000;571.493591
2175.000000;571.837097
2176.000000;572.134277
2177.000000;572.382935
2178.000000;571.833862
2179.000000;571.949707
2180.000000;573.437866
2181.000000;572.668945
2182.000000;574.075195
2183.000000;572.526917
2184.000000;573.165588
2185.000000;572.299194
2186.000000;572.142700
2187.000000;571.918945
2188.000000;571.664429
2189.000000;572.088379
2190.000000;571.771729
2191.000000;572.935913
2192.000000;570.463501
2193.000000;571.695801
2194.000000;570.728516
2195.000000;572.009277
2196.000000;570.405884
2197.000000;571.800537
2198.000000;570.311035
2199.000000;571.828003
2200.000000;571.933350
2201.000000;570.660461
2202.000000;572.378357
2203.000000;571.216797
2204.000000;573.036621
2205.000000;571.969360
2206.000000;573.882141
2207.000000;572.888855
2208.000000;574.876831
2209.000000;573.939819
2210.000000;575.983521
2211.000000;574.347534
2212.000000;576.392578
2213.000000;576.178528
2214.000000;576.687744
2215.000000;578.634521
2216.000000;577.624146
2217.000000;579.550781
2218.000000;577.773376
2219.000000;579.631226
2220.000000;579.211060
2221.000000;580.959045
2222.000000;579.733337
2223.000000;581.421143
2224.000000;580.124756
2225.000000;581.744995
2226.000000;581.851074
2227.000000;581.973389
2228.000000;582.083374
2229.000000;580.723511
2230.000000;581.517273
2231.000000;580.042236
2232.000000;582.157959
2233.000000;580.538940
2234.000000;581.832764
2235.000000;580.877930
2236.000000;580.648865
2237.000000;581.108887
2238.000000;580.839355
2239.000000;580.578857
2240.000000;580.335449
2241.000000;580.108337
2242.000000;579.158081
2243.000000;580.419800
2244.000000;578.032471
2245.000000;579.313232
2246.000000;577.644409
2247.000000;578.899597
2248.000000;578.693481
2249.000000;578.510864
2250.000000;578.365662
2251.000000;578.260254
2252.000000;578.184326
2253.000000;578.158813
2254.000000;578.156860
2255.000000;576.724365
2256.000000;578.960449
2257.000000;577.543091
2258.000000;578.374023
2259.000000;576.999878
2260.000000;578.567139
2261.000000;577.177246
2262.000000;578.732178
2263.000000;577.329651
2264.000000;578.862305
2265.000000;578.924438
2266.000000;579.015442
2267.000000;579.138489
2268.000000;577.067261
2269.000000;578.637878
2270.000000;577.942200
2271.000000;579.424438
2272.000000;577.954590
2273.000000;579.408081
2274.000000;577.906189
2275.000000;579.330200
2276.000000;577.795044
2277.000000;579.194031
2278.000000;579.111023
2279.000000;579.066467
2280.000000;579.038391
2281.000000;579.052734
2282.000000;579.085449
2283.000000;579.154236
2284.000000;579.248413
2285.000000;577.883972
2286.000000;579.456543
2287.000000;578.064575
2288.000000;579.604370
2289.000000;578.181763
2290.000000;579.683594
2291.000000;578.226807
2292.000000;579.697388
2293.000000;579.690796
2294.000000;579.704529
2295.000000;579.737915
2296.000000;579.804688
2297.000000;579.883911
2298.000000;579.997070
2299.000000;580.857666
2300.000000;579.551453
2301.000000;580.472168
2302.000000;579.169922
2303.000000;580.788269
2304.000000;579.428345
2305.000000;580.991760
2306.000000;581.055908
2307.000000;581.136475
2308.000000;581.962891
2309.000000;582.083374
2310.000000;581.525757
2311.000000;581.714966
2312.000000;581.913208
2313.000000;581.367432
2314.000000;583.012634
2315.000000;580.981934
2316.000000;582.594482
2317.000000;581.222778
2318.000000;582.744995
2319.000000;582.762634
2320.000000;582.029724
2321.000000;582.005554
2322.000000;582.665771
2323.000000;582.572876
2324.000000;582.481873
2325.000000;582.377869
2326.000000;582.284302
2327.000000;582.179504
2328.000000;582.080811
2329.000000;581.979980
2330.000000;580.396973
2331.000000;581.726074
2332.000000;582.292114
2333.000000;582.150146
2334.000000;581.332031
2335.000000;581.258179
2336.000000;581.201172
2337.000000;581.148193
2338.000000;581.110229
2339.000000;581.820312
2340.000000;581.822998
2341.000000;581.894897
2342.000000;581.998291
2343.000000;581.433472
2344.000000;581.610840
2345.000000;581.803955
2346.000000;582.729919
2347.000000;582.955078
2348.000000;583.225342
2349.000000;583.527649
2350.000000;583.135620
2351.000000;583.476685
2352.000000;583.813660
2353.000000;584.868530
2354.000000;585.197754
2355.000000;585.551025
2356.000000;585.916260
2357.000000;585.561523
2358.000000;586.662292
2359.000000;587.011108
2360.000000;587.374268
2361.000000;587.725159
2362.000000;588.083679
2363.000000;588.423401
2364.000000;589.507690
2365.000000;589.112427
2366.000000;590.933105
2367.000000;589.837524
2368.000000;590.211243
2369.000000;590.567200
2370.000000;590.878723
2371.000000;591.169922
2372.000000;591.413330
2373.000000;590.887207
2374.000000;591.760193
2375.000000;591.839355
2376.000000;591.880615
2377.000000;593.357666
2378.000000;591.890442
2379.000000;594.100342
2380.000000;592.655518
2381.000000;594.195984
2382.000000;594.317078
2383.000000;594.511353
2384.000000;594.786255
2385.000000;595.131104
2386.000000;594.067017
2387.000000;595.973999
2388.000000;594.958374
2389.000000;596.168457
2390.000000;595.157349
2391.000000;597.791321
2392.000000;596.739685
2393.000000;598.636841
2394.000000;599.066162
2395.000000;599.529419
2396.000000;600.022217
2397.000000;599.058350
2398.000000;601.015625
2399.000000;600.001343
2400.000000;601.899109
2401.000000;600.820007
2402.000000;602.646423
2403.000000;600.745361
2404.000000;602.452087
2405.000000;601.119690
2406.000000;602.647705
2407.000000;601.873596
2408.000000;603.243286
2409.000000;601.624207
2410.000000;602.158264
2411.000000;600.418152
2412.000000;601.529419
2413.000000;601.106567
2414.000000;601.380127
2415.000000;600.914185
2416.000000;600.468567
2417.000000;599.300415
2418.000000;597.385620
2419.000000;598.353516
2420.000000;596.333984
2421.000000;597.948364
2422.000000;595.873901
2423.000000;596.753418
2424.000000;594.701843
2425.000000;595.615356
2426.000000;592.871460
2427.000000;593.815063
2428.000000;592.540283
2429.000000;593.502991
2430.000000;591.569092
2431.000000;592.631958
2432.000000;592.284302
2433.000000;592.038391
2434.000000;591.890381
2435.000000;591.851318
2436.000000;591.910706
2437.000000;592.812622
2438.000000;593.104980
2439.000000;592.803406
2440.000000;593.342651
2441.000000;593.968872
2442.000000;594.680176
2443.000000;593.981323
2444.000000;595.517273
2445.000000;594.836609
2446.000000;595.582031
2447.000000;596.260681
2448.000000;597.583862
2449.000000;598.110107
2450.000000;600.068665
2451.000000;599.058350
2452.000000;600.978333
2453.000000;599.918213
2454.000000;601.775391
2455.000000;600.654419
2456.000000;602.438354
2457.000000;601.238831
2458.000000;600.713989
2459.000000;600.818665
2460.000000;600.783997
2461.000000;602.115051
2462.000000;601.142578
2463.000000;602.326416
2464.000000;600.525513
2465.000000;600.893250
2466.000000;598.996765
2467.000000;600.703491
2468.000000;598.693848
2469.000000;599.613220
2470.000000;597.569519
2471.000000;598.466064
2472.000000;595.674988
2473.000000;596.541382
2474.000000;595.165161
2475.000000;595.997559
2476.000000;593.915222
2477.000000;594.798706
2478.000000;592.772583
2479.000000;593.732666
2480.000000;591.788330
2481.000000;592.843262
2482.000000;592.483398
2483.000000;590.737976
2484.000000;591.998413
2485.000000;590.370911
2486.000000;591.757568
2487.000000;590.255005
2488.000000;591.768738
2489.000000;590.391113
2490.000000;592.029236
2491.000000;590.772705
2492.000000;592.524658
2493.000000;591.381958
2494.000000;593.238525
2495.000000;592.196716
2496.000000;594.142334
2497.000000;593.182983
2498.000000;595.201782
2499.000000;594.303284
2500.000000;596.374512
2501.000000;595.515869
2502.000000;597.618530
2503.000000;599.002686
2504.000000;599.714111
2505.000000;600.511719
2506.000000;601.369751
2507.000000;602.296936
2508.000000;604.006348
2509.000000;605.051453
2510.000000;606.177673
2511.000000;606.621338
2512.000000;607.837952
2513.000000;609.034790
2514.000000;610.240967
2515.000000;611.404480
2516.000000;612.554321
2517.000000;614.376221
2518.000000;614.710571
2519.000000;615.721680
2520.000000;616.660767
2521.000000;617.511536
2522.000000;620.495605
2523.000000;619.755554
2524.000000;621.950317
2525.000000;620.416504
2526.000000;621.023682
2527.000000;621.492310
2528.000000;621.839844
2529.000000;622.780151
2530.000000;622.880981
2531.000000;622.879639
2532.000000;622.784180
2533.000000;622.590454
2534.000000;621.561035
2535.000000;621.155273
2536.000000;621.345703
2537.000000;620.710327
2538.000000;619.994995
2539.000000;619.214355
2540.000000;618.366821
2541.000000;617.469727
2542.000000;616.522644
2543.000000;614.808167
2544.000000;613.772217
2545.000000;613.417480
2546.000000;612.303711
2547.000000;612.689819
2548.000000;610.175537
2549.000000;610.687866
2550.000000;608.319702
2551.000000;608.994873
2552.000000;606.068481
2553.000000;606.908569
2554.000000;605.593994
2555.000000;606.594482
2556.000000;604.764832
2557.000000;606.002930
2558.000000;604.411438
2559.000000;605.897583
2560.000000;604.551514
2561.000000;606.281067
2562.000000;605.172485
2563.000000;607.138306
2564.000000;606.254211
2565.000000;608.432861
2566.000000;607.750854
2567.000000;607.892273
2568.000000;608.779602
2569.000000;609.653931
2570.000000;610.515076
2571.000000;611.344360
2572.000000;612.143311
2573.000000;612.893921
2574.000000;612.865845
2575.000000;614.220459
2576.000000;614.763672
2577.000000;615.239319
2578.000000;615.646484
2579.000000;615.230835
2580.000000;615.453979
2581.000000;615.542358
2582.000000;616.253662
2583.000000;616.122192
2584.000000;615.922546
2585.000000;615.631409
2586.000000;615.274048
2587.000000;614.833679
2588.000000;613.598083
2589.000000;613.734863
2590.000000;614.550293
2591.000000;612.407043
2592.000000;611.726440
2593.000000;611.004639
2594.000000;611.735046
2595.000000;608.798584
2596.000000;609.544678
2597.000000;607.326172
2598.000000;607.310425
2599.000000;606.542236
2600.000000;605.797424
2601.000000;605.057983
2602.000000;604.361023
2603.000000;603.677856
2604.000000;602.314697
2605.000000;601.689087
2606.000000;601.083740
2607.000000;601.223755
2608.000000;600.679321
2609.000000;600.208740
2610.000000;599.799805
2611.000000;599.478394
2612.000000;599.226501
2613.000000;599.066162
2614.000000;600.463379
2615.000000;598.308289
2616.000000;599.183960
2617.000000;599.386230
2618.000000;599.676025
2619.000000;600.037292
2620.000000;600.479004
2621.000000;600.983643
2622.000000;601.555481
2623.000000;602.185791
2624.000000;602.870239
2625.000000;603.596069
2626.000000;604.370117
2627.000000;605.163391
2628.000000;605.254272
2629.000000;606.065796
2630.000000;606.843262
2631.000000;608.319580
2632.000000;609.036133
2633.000000;609.755371
2634.000000;611.923462
2635.000000;612.659668
2636.000000;613.428589
2637.000000;614.261719
2638.000000;615.843994
2639.000000;616.766174
2640.000000;616.248413
2641.000000;618.699951
2642.000000;618.194763
2643.000000;621.371216
2644.000000;620.869995
2645.000000;622.594971
2646.000000;622.083984
2647.000000;624.469849
2648.000000;623.856750
2649.000000;626.122986
2650.000000;625.379517
2651.000000;627.490723
2652.000000;626.583679
2653.000000;628.522095
2654.000000;627.431152
2655.000000;629.174561
2656.000000;629.367554
2657.000000;629.488647
2658.000000;628.069824
2659.000000;629.491272
2660.000000;627.861145
2661.000000;628.334229
2662.000000;629.429810
2663.000000;628.287109
2664.000000;627.829041
2665.000000;625.846130
2666.000000;626.724426
2667.000000;626.062073
2668.000000;626.115723
2669.000000;625.422852
2670.000000;624.776123
2671.000000;622.653320
2672.000000;622.755981
2673.000000;620.606323
2674.000000;621.384277
2675.000000;620.659912
2676.000000;619.970154
2677.000000;619.302734
2678.000000;617.194092
2679.000000;618.766052
2680.000000;618.174438
2681.000000;617.684326
2682.000000;617.287048
2683.000000;616.262939
2684.000000;616.048218
2685.000000;615.906860
2686.000000;615.824463
2687.000000;615.825073
2688.000000;615.885254
2689.000000;616.023376
2690.000000;616.224976
2691.000000;616.491211
2692.000000;617.565857
2693.000000;617.977417
2694.000000;618.508911
2695.000000;619.107544
2696.000000;619.072998
2697.000000;619.814331
2698.000000;619.106934
2699.000000;621.326050
2700.000000;620.572815
2701.000000;622.735718
2702.000000;621.914429
2703.000000;623.990967
2704.000000;624.555664
2705.000000;624.365234
2706.000000;624.863892
2707.000000;625.291870
2708.000000;625.653076
2709.000000;626.677917
2710.000000;626.914917
2711.000000;627.116943
2712.000000;627.278687
2713.000000;627.399658
2714.000000;627.480225
2715.000000;627.514893
2716.000000;627.509033
2717.000000;627.453369
2718.000000;627.364990
2719.000000;627.224365
2720.000000;627.052856
2721.000000;626.098145
2722.000000;625.821899
2723.000000;626.202148
2724.000000;625.802307
2725.000000;626.126343
2726.000000;624.229065
2727.000000;624.511780
2728.000000;624.031494
2729.000000;625.028748
2730.000000;623.112061
2731.000000;622.700317
2732.000000;622.292725
2733.000000;621.891479
2734.000000;620.765381
2735.000000;621.848267
2736.000000;620.731934
2737.000000;621.879761
2738.000000;620.151367
2739.000000;619.949829
2740.000000;619.785583
2741.000000;619.644287
2742.000000;619.544067
2743.000000;619.470947
2744.000000;619.435425
2745.000000;619.434937
2746.000000;619.468811
2747.000000;620.275757
2748.000000;620.404663
2749.000000;619.875244
2750.000000;620.124634
2751.000000;620.398804
2752.000000;620.701172
2753.000000;621.023743
2754.000000;621.370605
2755.000000;621.727295
2756.000000;622.104919
2757.000000;622.480469
2758.000000;622.135620
2759.000000;622.491577
2760.000000;623.547852
2761.000000;623.839722
2762.000000;624.136719
2763.000000;624.413025
2764.000000;624.683228
2765.000000;624.931274
2766.000000;625.166199
2767.000000;625.376953
2768.000000;625.566711
2769.000000;626.469788
2770.000000;626.633423
2771.000000;626.820557
2772.000000;627.011047
2773.000000;627.217773
2774.000000;627.429199
2775.000000;627.649048
2776.000000;627.872864
2777.000000;627.359192
2778.000000;627.560059
2779.000000;627.708008
2780.000000;628.562622
2781.000000;628.646484
2782.000000;628.748413
2783.000000;628.823120
2784.000000;628.915344
2785.000000;629.715088
2786.000000;629.818481
2787.000000;629.941528
2788.000000;630.107727
2789.000000;630.293579
2790.000000;630.515442
2791.000000;630.758789
2792.000000;631.027832
2793.000000;631.318970
2794.000000;630.886475
2795.000000;631.184814
2796.000000;632.928955
2797.000000;631.744995
2798.000000;634.248230
2799.000000;633.100952
2800.000000;635.685364
2801.000000;634.648682
2802.000000;636.646606
2803.000000;635.757935
2804.000000;637.891968
2805.000000;637.129028
2806.000000;638.639282
2807.000000;637.947021
2808.000000;640.206665
2809.000000;639.497986
2810.000000;641.734070
2811.000000;640.983459
2812.000000;643.164612
2813.000000;643.083435
2814.000000;645.205078
2815.000000;643.630554
2816.000000;645.697876
2817.000000;644.749573
2818.000000;646.684753
2819.000000;645.597046
2820.000000;647.385620
2821.000000;646.140869
2822.000000;648.507935
2823.000000;647.125122
2824.000000;648.661133
2825.000000;647.189209
2826.000000;648.638916
2827.000000;648.564819
2828.000000;648.505981
2829.000000;648.429382
2830.000000;648.367310
2831.000000;649.032104
2832.000000;649.001343
2833.000000;649.005981
2834.000000;649.062866
2835.000000;649.153870
2836.000000;649.299072
2837.000000;648.737671
2838.000000;648.934570
2839.000000;649.119873
2840.000000;649.308228
2841.000000;650.227783
2842.000000;650.427246
2843.000000;650.668823
2844.000000;650.932495
2845.000000;651.229736
2846.000000;651.546997
2847.000000;651.890015
2848.000000;652.246643
2849.000000;652.621582
2850.000000;653.002441
2851.000000;653.396362
2852.000000;653.046997
2853.000000;653.416016
2854.000000;653.722290
2855.000000;653.995239
2856.000000;654.200684
2857.000000;654.367615
2858.000000;655.199341
2859.000000;655.278564
2860.000000;653.844727
2861.000000;654.574341
2862.000000;652.993286
2863.000000;654.266785
2864.000000;651.747314
2865.000000;652.803467
2866.000000;650.762451
2867.000000;651.556824
2868.000000;649.270996
2869.000000;649.830444
2870.000000;648.073425
2871.000000;648.457520
2872.000000;645.864136
2873.000000;646.175537
2874.000000;643.534424
2875.000000;643.820312
2876.000000;640.434387
2877.000000;640.714539
2878.000000;638.034668
2879.000000;639.037231
2880.000000;636.390137
2881.000000;636.759888
2882.000000;634.246216
2883.000000;634.771729
2884.000000;632.429626
2885.000000;633.146790
2886.000000;631.008911
2887.000000;631.207092
2888.000000;629.270142
2889.000000;631.106995
2890.000000;629.364990
2891.000000;628.482788
2892.000000;629.880005
2893.000000;629.148315
2894.000000;630.750977
2895.000000;628.792358
2896.000000;630.624023
2897.000000;629.572388
2898.000000;631.563049
2899.000000;630.663330
2900.000000;632.792725
2901.000000;632.762085
2902.000000;635.030273
2903.000000;633.698547
2904.000000;636.108032
2905.000000;635.591064
2906.000000;638.049072
2907.000000;637.562134
2908.000000;640.032654
2909.000000;639.538452
2910.000000;641.982788
2911.000000;641.442810
2912.000000;643.823608
2913.000000;643.201294
2914.000000;645.484558
2915.000000;644.746338
2916.000000;647.641479
2917.000000;646.785522
2918.000000;648.858032
2919.000000;647.919678
2920.000000;649.157715
2921.000000;648.086548
2922.000000;649.870361
2923.000000;648.594360
2924.000000;650.170776
2925.000000;649.424805
2926.000000;650.810791
2927.000000;649.189941
2928.000000;650.448242
2929.000000;648.705627
2930.000000;649.843018
2931.000000;647.986938
2932.000000;649.019043
2933.000000;646.324097
2934.000000;647.240967
2935.000000;646.613403
2936.000000;645.960938
2937.000000;643.794128
2938.000000;644.522583
2939.000000;643.729370
2940.000000;643.682251
2941.000000;642.921265
2942.000000;642.226807
2943.000000;641.581604
2944.000000;641.014893
2945.000000;640.512939
2946.000000;641.580200
2947.000000;640.557495
2948.000000;641.899658
2949.000000;640.471069
2950.000000;642.150269
2951.000000;641.795532
2952.000000;643.828247
2953.000000;642.394409
2954.000000;644.792847
2955.000000;645.136353
2956.000000;646.345703
2957.000000;646.962158
2958.000000;648.375732
2959.000000;649.112671
2960.000000;650.590271
2961.000000;652.047668
2962.000000;653.479553
2963.000000;654.855835
2964.000000;656.182922
2965.000000;657.428345
2966.000000;658.600952
2967.000000;660.403320
2968.000000;661.399902
2969.000000;662.315552
2970.000000;662.414917
2971.000000;663.129639
2972.000000;663.694946
2973.000000;664.126221
2974.000000;664.393188
2975.000000;664.523499
2976.000000;664.479004
2977.000000;664.300903
2978.000000;663.952271
2979.000000;663.471741
2980.000000;662.826599
2981.000000;662.066101
2982.000000;661.153931
2983.000000;660.138794
2984.000000;659.735107
2985.000000;657.790771
2986.000000;656.512085
2987.000000;656.629272
2988.000000;653.792969
2989.000000;653.880676
2990.000000;651.040527
2991.000000;651.150513
2992.000000;648.364624
2993.000000;648.549866
2994.000000;645.865967
2995.000000;646.180237
2996.000000;643.644287
2997.000000;644.871460
2998.000000;642.547485
2999.000000;641.842712
3000.000000;641.243896
3001.000000;642.260254
3002.000000;640.482910
3003.000000;640.351929
3004.000000;640.334900
3005.000000;640.461243
3006.000000;640.698120
3007.000000;641.076965
3008.000000;640.819214
3009.000000;641.405518
3010.000000;642.774658
3011.000000;642.779785
3012.000000;642.841370
3013.000000;643.664612
3014.000000;644.474731
3015.000000;645.284302
3016.000000;646.068237
3017.000000;646.834717
3018.000000;648.299133
3019.000000;650.505920
3020.000000;649.802979
3021.000000;652.813354
3022.000000;652.189697
3023.000000;653.828369
3024.000000;654.752441
3025.000000;656.477417
3026.000000;656.020691
3027.000000;658.538818
3028.000000;658.111572
3029.000000;660.639465
3030.000000;660.205688
3031.000000;662.702820
3032.000000;662.217407
3033.000000;664.649048
3034.000000;664.817993
3035.000000;667.906128
3036.000000;667.318604
3037.000000;669.689392
3038.000000;669.111633
3039.000000;671.470703
3040.000000;670.868774
3041.000000;673.189209
3042.000000;672.526367
3043.000000;674.031494
3044.000000;673.252808
3045.000000;675.316101
3046.000000;674.339722
3047.000000;676.193054
3048.000000;676.481567
3049.000000;677.426636
3050.000000;677.595459
3051.000000;676.241455
3052.000000;677.763611
3053.000000;676.250000
3054.000000;677.619019
3055.000000;675.952271
3056.000000;676.427246
3057.000000;674.591064
3058.000000;675.585632
3059.000000;673.533569
3060.000000;674.324585
3061.000000;672.082642
3062.000000;672.693237
3063.000000;670.288879
3064.000000;670.752869
3065.000000;668.224243
3066.000000;668.579590
3067.000000;665.965820
3068.000000;666.257690
3069.000000;663.598083
3070.000000;663.874329
3071.000000;662.702148
3072.000000;662.323975
3073.000000;661.305054
3074.000000;658.192688
3075.000000;658.826050
3076.000000;657.302673
3077.000000;657.338623
3078.000000;655.262207
3079.000000;656.186157
3080.000000;654.266724
3081.000000;655.359009
3082.000000;652.872864
3083.000000;652.634705
3084.000000;653.902222
3085.000000;651.528809
3086.000000;652.881348
3087.000000;652.765625
3088.000000;652.725647
3089.000000;651.982849
3090.000000;653.506348
3091.000000;652.137939
3092.000000;653.772705
3093.000000;652.518188
3094.000000;654.261597
3095.000000;653.110474
3096.000000;654.952637
3097.000000;653.889832
3098.000000;655.815125
3099.000000;654.089478
3100.000000;656.052673
3101.000000;656.532471
3102.000000;657.038208
3103.000000;657.555969
3104.000000;658.088562
3105.000000;658.624634
3106.000000;658.427490
3107.000000;659.673035
3108.000000;660.148682
3109.000000;660.628418
3110.000000;661.072754
3111.000000;661.513794
3112.000000;660.422241
3113.000000;662.229736
3114.000000;660.992920
3115.000000;662.649170
3116.000000;661.255371
3117.000000;662.753296
3118.000000;661.199707
3119.000000;662.538574
3120.000000;663.055664
3121.000000;662.840942
3122.000000;662.632874
3123.000000;662.435791
3124.000000;662.254028
3125.000000;662.083740
3126.000000;661.935303
3127.000000;661.800415
3128.000000;661.690552
3129.000000;661.593628
3130.000000;661.528259
3131.000000;661.476501
3132.000000;661.456177
3133.000000;661.449707
3134.000000;661.474487
3135.000000;661.518433
3136.000000;661.591003
3137.000000;661.680054
3138.000000;661.795166
3139.000000;661.927490
3140.000000;662.085083
3141.000000;662.994751
3142.000000;664.695557
3143.000000;663.551697
3144.000000;665.446167
3145.000000;664.485535
3146.000000;666.553467
3147.000000;665.758362
3148.000000;666.493896
3149.000000;667.259644
3150.000000;668.039001
3151.000000;668.829529
3152.000000;669.622620
3153.000000;670.406738
3154.000000;671.182129
3155.000000;671.932800
3156.000000;672.659180
3157.000000;674.831177
3158.000000;674.058350
3159.000000;676.221802
3160.000000;675.427368
3161.000000;677.556152
3162.000000;676.714600
3163.000000;678.782593
3164.000000;677.867676
3165.000000;678.370911
3166.000000;678.785828
3167.000000;678.368286
3168.000000;678.562683
3169.000000;679.354492
3170.000000;680.032471
3171.000000;679.910767
3172.000000;681.213684
3173.000000;679.559326
3174.000000;680.838684
3175.000000;679.164124
3176.000000;680.427734
3177.000000;678.739990
3178.000000;679.996460
3179.000000;678.303528
3180.000000;679.560669
3181.000000;677.874207
3182.000000;679.140564
3183.000000;678.949463
3184.000000;677.330444
3185.000000;678.664062
3186.000000;677.069946
3187.000000;678.427856
3188.000000;676.863831
3189.000000;678.254395
3190.000000;676.720520
3191.000000;678.147095
3192.000000;676.648499
3193.000000;678.113098
3194.000000;676.646545
3195.000000;678.149048
3196.000000;678.203369
3197.000000;678.318604
3198.000000;678.487427
3199.000000;676.490845
3200.000000;678.163452
3201.000000;676.849426
3202.000000;678.459229
3203.000000;677.077148
3204.000000;678.615723
3205.000000;677.900391
3206.000000;677.909668
3207.000000;678.624756
3208.000000;677.115784
3209.000000;679.236694
3210.000000;677.685791
3211.000000;678.334839
3212.000000;676.770264
3213.000000;678.838135
3214.000000;677.232239
3215.000000;677.842773
3216.000000;676.231628
3217.000000;677.530640
3218.000000;675.865845
3219.000000;677.116455
3220.000000;675.404419
3221.000000;675.130249
3222.000000;676.287903
3223.000000;674.482422
3224.000000;675.612549
3225.000000;673.790649
3226.000000;674.910400
3227.000000;673.080627
3228.000000;674.206238
3229.000000;672.387634
3230.000000;673.527588
3231.000000;672.468079
3232.000000;673.666382
3233.000000;671.237061
3234.000000;672.532227
3235.000000;672.371216
3236.000000;670.809814
3237.000000;672.205627
3238.000000;670.687439
3239.000000;672.136963
3240.000000;669.930298
3241.000000;671.405273
3242.000000;670.650208
3243.000000;672.121216
3244.000000;670.674377
3245.000000;672.197815
3246.000000;672.282227
3247.000000;670.951111
3248.000000;671.848389
3249.000000;670.536865
3250.000000;672.875183
3251.000000;671.544067
3252.000000;672.438599
3253.000000;671.112183
3254.000000;672.699707
3255.000000;671.315063
3256.000000;672.849609
3257.000000;671.406616
3258.000000;672.880371
3259.000000;672.858765
3260.000000;671.369995
3261.000000;672.795288
3262.000000;671.988464
3263.000000;674.118469
3264.000000;672.617981
3265.000000;674.116577
3266.000000;672.724609
3267.000000;674.330505
3268.000000;672.305176
3269.000000;673.250122
3270.000000;671.964111
3271.000000;672.839172
3272.000000;672.926819
3273.000000;672.248901
3274.000000;673.719238
3275.000000;672.945801
3276.000000;672.879028
3277.000000;672.053223
3278.000000;673.375061
3279.000000;672.456421
3280.000000;673.735718
3281.000000;672.091187
3282.000000;673.394775
3283.000000;673.257324
3284.000000;673.168945
3285.000000;673.142822
3286.000000;672.428833
3287.000000;673.963501
3288.000000;672.617920
3289.000000;674.268372
3290.000000;673.032898
3291.000000;674.787354
3292.000000;673.654541
3293.000000;675.507874
3294.000000;675.947632
3295.000000;676.460693
3296.000000;677.054810
3297.000000;677.715271
3298.000000;678.441528
3299.000000;677.739502
3300.000000;679.251099
3301.000000;678.533203
3302.000000;680.699341
3303.000000;679.880005
3304.000000;682.668457
3305.000000;683.229980
3306.000000;683.055908
3307.000000;683.604919
3308.000000;684.097168
3309.000000;684.554443
3310.000000;683.467590
3311.000000;685.236328
3312.000000;684.691956
3313.000000;686.286621
3314.000000;685.622559
3315.000000;685.644104
3316.000000;687.079224
3317.000000;687.030151
3318.000000;687.017090
3319.000000;687.010559
3320.000000;687.039917
3321.000000;687.076050
3322.000000;686.407104
3323.000000;684.973999
3324.000000;686.431274
3325.000000;684.874512
3326.000000;685.470703
3327.000000;683.766541
3328.000000;684.907227
3329.000000;683.012695
3330.000000;683.966919
3331.000000;681.894287
3332.000000;683.419800
3333.000000;680.478088
3334.000000;681.175781
3335.000000;681.074341
3336.000000;680.265503
3337.000000;678.749146
3338.000000;676.513062
3339.000000;677.179871
3340.000000;676.376953
3341.000000;675.584473
3342.000000;673.354187
3343.000000;674.060303
3344.000000;671.837219
3345.000000;672.564331
3346.000000;670.373901
3347.000000;669.666626
3348.000000;668.959717
3349.000000;668.243225
3350.000000;666.065918
3351.000000;665.316711
3352.000000;665.980164
3353.000000;663.691772
3354.000000;664.336304
3355.000000;662.047791
3356.000000;662.701538
3357.000000;660.442505
3358.000000;659.655884
3359.000000;658.880371
3360.000000;658.086060
3361.000000;657.317627
3362.000000;656.549500
3363.000000;655.815735
3364.000000;655.838745
3365.000000;656.681641
3366.000000;654.700684
3367.000000;655.798767
3368.000000;654.080261
3369.000000;653.960571
3370.000000;653.940186
3371.000000;654.013611
3372.000000;654.923218
3373.000000;655.208496
3374.000000;656.386414
3375.000000;655.484070
3376.000000;656.168518
3377.000000;656.925659
3378.000000;657.750244
3379.000000;658.636353
3380.000000;658.829468
3381.000000;659.780884
3382.000000;660.712219
3383.000000;661.636841
3384.000000;662.523682
3385.000000;663.385376
3386.000000;664.934448
3387.000000;665.726257
3388.000000;666.505737
3389.000000;667.250977
3390.000000;667.975586
3391.000000;668.646912
3392.000000;669.290283
3393.000000;671.347046
3394.000000;670.456421
3395.000000;670.993103
3396.000000;671.473938
3397.000000;674.090454
3398.000000;673.024292
3399.000000;672.683472
3400.000000;673.013794
3401.000000;673.983765
3402.000000;674.159058
3403.000000;674.289978
3404.000000;674.362610
3405.000000;674.391479
3406.000000;674.358032
3407.000000;674.283447
3408.000000;675.635498
3409.000000;674.040649
3410.000000;675.375000
3411.000000;673.767090
3412.000000;675.095581
3413.000000;673.483765
3414.000000;675.548462
3415.000000;673.957520
3416.000000;673.880981
3417.000000;673.800476
3418.000000;673.732483
3419.000000;674.403809
3420.000000;672.897461
3421.000000;674.323364
3422.000000;672.824097
3423.000000;674.265076
3424.000000;672.777588
3425.000000;674.229126
3426.000000;672.752075
3427.000000;674.214783
3428.000000;672.750122
3429.000000;672.740967
3430.000000;674.191772
3431.000000;672.689941
3432.000000;674.150574
3433.000000;672.663818
3434.000000;674.132263
3435.000000;672.658508
3436.000000;673.397461
3437.000000;671.911194
3438.000000;672.581299
3439.000000;672.474609
3440.000000;673.816895
3441.000000;673.703613
3442.000000;672.160522
3443.000000;673.575928
3444.000000;672.059082
3445.000000;673.496155
3446.000000;672.005493
3447.000000;673.468018
3448.000000;671.266602
3449.000000;672.729187
3450.000000;671.216187
3451.000000;672.623840
3452.000000;671.055908
3453.000000;672.412476
3454.000000;670.792847
3455.000000;672.099609
3456.000000;671.915771
3457.000000;670.278442
3458.000000;671.555847
3459.000000;671.367371
3460.000000;671.185425
3461.000000;669.565063
3462.000000;670.865479
3463.000000;669.216309
3464.000000;670.499023
3465.000000;668.830811
3466.000000;670.103149
3467.000000;667.681030
3468.000000;668.923157
3469.000000;667.158081
3470.000000;668.322388
3471.000000;666.482056
3472.000000;666.094727
3473.000000;665.616333
3474.000000;665.092773
3475.000000;665.973694
3476.000000;663.914856
3477.000000;664.774780
3478.000000;662.704163
3479.000000;663.566772
3480.000000;661.507935
3481.000000;662.401917
3482.000000;660.375061
3483.000000;660.576050
3484.000000;660.054443
3485.000000;659.580078
3486.000000;658.400024
3487.000000;657.984619
3488.000000;657.563049
3489.000000;657.166504
3490.000000;658.260742
3491.000000;656.478027
3492.000000;657.697266
3493.000000;656.042236
3494.000000;655.910645
3495.000000;655.817139
3496.000000;655.741211
3497.000000;655.705872
3498.000000;655.687500
3499.000000;655.709839
3500.000000;655.752930
3501.000000;655.830811
3502.000000;655.934265
3503.000000;655.324341
3504.000000;655.452637
3505.000000;654.073730
3506.000000;655.587402
3507.000000;654.832825
3508.000000;656.252319
3509.000000;656.201904
3510.000000;656.167236
3511.000000;656.165894
3512.000000;657.659973
3513.000000;657.758789
3514.000000;657.976685
3515.000000;658.288818
3516.000000;658.710938
3517.000000;659.225952
3518.000000;659.835938
3519.000000;660.532776
3520.000000;661.312256
3521.000000;662.165649
3522.000000;663.087646
3523.000000;664.059509
3524.000000;665.089539
3525.000000;666.147095
3526.000000;667.245178
3527.000000;668.347900
3528.000000;669.472168
3529.000000;670.580078
3530.000000;671.687378
3531.000000;673.496826
3532.000000;674.570068
3533.000000;675.636230
3534.000000;676.689026
3535.000000;677.717896
3536.000000;678.711182
3537.000000;681.141846
3538.000000;680.614868
3539.000000;681.528503
3540.000000;682.368713
3541.000000;683.133179
3542.000000;683.801270
3543.000000;684.387634
3544.000000;684.860107
3545.000000;685.243652
3546.000000;684.765259
3547.000000;684.903320
3548.000000;684.866699
3549.000000;684.699768
3550.000000;685.099609
3551.000000;684.659180
3552.000000;684.105591
3553.000000;683.466187
3554.000000;682.724792
3555.000000;681.915283
3556.000000;681.014771
3557.000000;680.059937
3558.000000;679.037109
3559.000000;677.975586
3560.000000;676.873047
3561.000000;675.742737
3562.000000;674.602173
3563.000000;673.452271
3564.000000;672.316284
3565.000000;671.190674
3566.000000;670.102417
3567.000000;670.529663
3568.000000;668.106445
3569.000000;668.724182
3570.000000;666.505615
3571.000000;666.606567
3572.000000;664.597412
3573.000000;664.123047
3574.000000;663.708008
3575.000000;663.331848
3576.000000;662.284058
3577.000000;661.992920
3578.000000;661.723145
3579.000000;661.473267
3580.000000;660.507263
3581.000000;660.280884
3582.000000;660.764465
3583.000000;660.541382
3584.000000;658.119385
3585.000000;659.356201
3586.000000;657.582703
3587.000000;658.725342
3588.000000;656.870056
3589.000000;657.933472
3590.000000;656.004944
3591.000000;657.003601
3592.000000;655.021973
3593.000000;655.235352
3594.000000;653.190247
3595.000000;654.037720
3596.000000;651.895203
3597.000000;652.660278
3598.000000;650.444336
3599.000000;651.148560
3600.000000;650.373047
3601.000000;648.142090
3602.000000;648.860718
3603.000000;646.627808
3604.000000;647.357483
3605.000000;645.159912
3606.000000;645.931519
3607.000000;643.793518
3608.000000;644.635132
3609.000000;642.585449
3610.000000;643.525208
3611.000000;641.578308
3612.000000;643.375366
3613.000000;641.582886
3614.000000;642.112366
3615.000000;640.512207
3616.000000;641.925232
3617.000000;641.950684
3618.000000;640.605957
3619.000000;642.276550
3620.000000;641.066589
3621.000000;642.868164
3622.000000;643.274597
3623.000000;643.774536
3624.000000;644.373962
3625.000000;645.055908
3626.000000;645.826782
3627.000000;646.667725
3628.000000;647.581299
3629.000000;648.545898
3630.000000;649.568054
3631.000000;649.875061
3632.000000;652.417358
3633.000000;653.512268
3634.000000;654.658813
3635.000000;655.844604
3636.000000;657.058533
3637.000000;658.286255
3638.000000;659.521729
3639.000000;660.749390
3640.000000;661.957520
3641.000000;663.132812
3642.000000;664.271606
3643.000000;665.357178
3644.000000;668.602478
3645.000000;668.154907
3646.000000;669.926392
3647.000000;669.446655
3648.000000;672.591797
3649.000000;672.010010
3650.000000;674.340942
3651.000000;673.680725
3652.000000;675.917480
3653.000000;676.631592
3654.000000;677.321167
3655.000000;677.978394
3656.000000;678.601868
3657.000000;679.916077
3658.000000;680.474121
3659.000000;681.022705
3660.000000;681.552002
3661.000000;682.055969
3662.000000;684.018494
3663.000000;683.044128
3664.000000;682.049377
3665.000000;683.923706
3666.000000;684.241638
3667.000000;683.778381
3668.000000;683.973389
3669.000000;684.068298
3670.000000;684.070190
3671.000000;683.977966
3672.000000;683.790161
3673.000000;683.514648
3674.000000;683.881775
3675.000000;683.454468
3676.000000;682.252930
3677.000000;681.720825
3678.000000;681.855713
3679.000000;681.205811
3680.000000;679.810669
3681.000000;677.614441
3682.000000;678.283203
3683.000000;675.914917
3684.000000;676.427979
3685.000000;675.405762
3686.000000;672.891541
3687.000000;673.276978
3688.000000;670.681580
3689.000000;671.010742
3690.000000;668.374756
3691.000000;668.690796
3692.000000;666.063354
3693.000000;666.410767
3694.000000;663.833740
3695.000000;664.254517
3696.000000;661.773621
3697.000000;660.085205
3698.000000;659.135010
3699.000000;658.175659
3700.000000;658.716858
3701.000000;656.359619
3702.000000;657.025818
3703.000000;654.802124
3704.000000;655.624695
3705.000000;653.570496
3706.000000;654.571106
3707.000000;653.442871
3708.000000;653.183777
3709.000000;652.283936
3710.000000;652.202148
3711.000000;653.658203
3712.000000;652.281982
3713.000000;653.951355
3714.000000;652.778076
3715.000000;654.648926
3716.000000;653.669312
3717.000000;654.243896
3718.000000;654.862976
3719.000000;655.518677
3720.000000;656.207153
3721.000000;656.917175
3722.000000;656.911255
3723.000000;657.622681
3724.000000;658.289490
3725.000000;658.920410
3726.000000;658.011292
3727.000000;659.960938
3728.000000;661.818115
3729.000000;660.714844
3730.000000;661.041931
3731.000000;662.045227
3732.000000;662.252014
3733.000000;662.442383
3734.000000;662.581177
3735.000000;662.697632
3736.000000;662.763794
3737.000000;662.799072
3738.000000;662.791931
3739.000000;662.747986
3740.000000;662.664307
3741.000000;662.545776
3742.000000;662.388184
3743.000000;663.685791
3744.000000;662.778809
3745.000000;664.117676
3746.000000;662.573364
3747.000000;664.019531
3748.000000;662.581909
3749.000000;662.652466
3750.000000;662.744141
3751.000000;662.102173
3752.000000;662.185913
3753.000000;662.227844
3754.000000;662.248047
3755.000000;662.227783
3756.000000;663.667419
3757.000000;662.901184
3758.000000;664.389893
3759.000000;662.240234
3760.000000;663.805542
3761.000000;663.153748
3762.000000;664.762390
3763.000000;663.460693
3764.000000;663.678589
3765.000000;663.888672
3766.000000;664.105957
3767.000000;664.316711
3768.000000;664.528015
3769.000000;664.725037
3770.000000;664.920654
3771.000000;664.359253
3772.000000;663.767578
3773.000000;664.554932
3774.000000;664.537170
3775.000000;662.985596
3776.000000;664.279419
3777.000000;662.539307
3778.000000;663.643311
3779.000000;661.723877
3780.000000;662.653198
3781.000000;660.573364
3782.000000;661.346924
3783.000000;660.613403
3784.000000;659.841125
3785.000000;658.337891
3786.000000;658.265991
3787.000000;657.446594
3788.000000;656.650879
3789.000000;655.865479
3790.000000;655.115601
3791.000000;654.392456
3792.000000;652.234863
3793.000000;653.024719
3794.000000;650.891357
3795.000000;651.709961
3796.000000;649.625061
3797.000000;650.502563
3798.000000;647.746887
3799.000000;648.680664
3800.000000;646.673645
3801.000000;647.629028
3802.000000;647.134399
3803.000000;646.708313
3804.000000;646.341187
3805.000000;646.051270
3806.000000;645.824097
3807.000000;644.200562
3808.000000;645.546631
3809.000000;643.994446
3810.000000;645.416504
3811.000000;643.935547
3812.000000;645.436035
3813.000000;644.027832
3814.000000;645.606201
3815.000000;646.493042
3816.000000;646.745605
3817.000000;647.119263
3818.000000;647.597656
3819.000000;648.185974
3820.000000;647.387512
3821.000000;648.855469
3822.000000;648.132263
3823.000000;651.088318
3824.000000;650.377563
3825.000000;652.645813
3826.000000;651.975708
3827.000000;653.533813
3828.000000;654.330933
3829.000000;655.126709
3830.000000;655.904175
3831.000000;656.665771
3832.000000;657.393677
3833.000000;658.089844
3834.000000;658.744385
3835.000000;659.348328
3836.000000;660.642212
3837.000000;661.155823
3838.000000;661.665039
3839.000000;662.125000
3840.000000;662.574646
3841.000000;662.965332
3842.000000;663.335693
3843.000000;665.126892
3844.000000;663.982849
3845.000000;665.759766
3846.000000;664.591431
3847.000000;664.858643
3848.000000;665.082275
3849.000000;665.971069
3850.000000;666.095337
3851.000000;666.199463
3852.000000;665.537109
3853.000000;665.573120
3854.000000;665.523438
3855.000000;665.433716
3856.000000;665.256409
3857.000000;665.042419
3858.000000;664.746033
3859.000000;664.414185
3860.000000;665.494019
3861.000000;663.638062
3862.000000;665.445557
3863.000000;663.607910
3864.000000;664.754517
3865.000000;663.006470
3866.000000;662.769043
3867.000000;662.542480
3868.000000;662.331238
3869.000000;661.391357
3870.000000;661.186646
3871.000000;660.943726
3872.000000;660.695190
3873.000000;660.414307
3874.000000;660.132446
3875.000000;659.822754
3876.000000;659.517212
3877.000000;659.189331
3878.000000;658.871216
3879.000000;658.538818
3880.000000;658.221436
3881.000000;657.896851
3882.000000;657.591187
3883.000000;657.285645
3884.000000;657.003540
3885.000000;656.731323
3886.000000;656.484497
3887.000000;656.255615
3888.000000;656.053284
3889.000000;655.876709
3890.000000;655.730713
3891.000000;656.350464
3892.000000;656.291504
3893.000000;656.311157
3894.000000;655.661987
3895.000000;655.797485
3896.000000;655.952637
3897.000000;656.145020
3898.000000;656.355713
3899.000000;656.598511
3900.000000;656.852417
3901.000000;657.135803
3902.000000;657.424988
3903.000000;657.737183
3904.000000;658.049316
3905.000000;658.375854
3906.000000;658.699158
3907.000000;657.545410
3908.000000;659.288818
3909.000000;658.043457
3910.000000;659.689270
3911.000000;659.831909
3912.000000;659.952393
3913.000000;660.072754
3914.000000;660.169006
3915.000000;660.262573
3916.000000;661.070801
3917.000000;660.420288
3918.000000;660.507996
3919.000000;660.570801
3920.000000;660.623169
3921.000000;660.651245
3922.000000;660.668335
3923.000000;660.658447
3924.000000;659.155273
3925.000000;660.531555
3926.000000;658.911865
3927.000000;660.171631
3928.000000;659.925537
3929.000000;659.655273
3930.000000;659.390137
3931.000000;659.106934
3932.000000;658.093811
3933.000000;658.519836
3934.000000;658.196594
3935.000000;657.887024
3936.000000;657.579468
3937.000000;657.289551
3938.000000;657.008789
3939.000000;656.751038
3940.000000;656.504883
3941.000000;656.289062
3942.000000;656.084717
3943.000000;655.921875
3944.000000;655.769348
3945.000000;655.660767
3946.000000;655.568420
3947.000000;654.777893
3948.000000;654.720337
3949.000000;654.653564
3950.000000;654.577637
3951.000000;654.493225
3952.000000;654.401001
3953.000000;654.302124
3954.000000;654.196777
3955.000000;654.088135
3956.000000;653.973694
3957.000000;653.861694
3958.000000;654.483398
3959.000000;655.132568
3960.000000;655.118896
3961.000000;655.191467
3962.000000;655.345337
3963.000000;655.580872
3964.000000;655.896362
3965.000000;655.549438
3966.000000;655.987305
3967.000000;656.444702
3968.000000;656.932251
3969.000000;657.432129
3970.000000;657.952515
3971.000000;659.957642
3972.000000;659.069519
3973.000000;661.154541
3974.000000;660.340454
3975.000000;660.998779
3976.000000;661.656494
3977.000000;662.266479
3978.000000;662.121033
3979.000000;662.636902
3980.000000;663.066650
3981.000000;664.150513
3982.000000;664.423950
3983.000000;664.657715
3984.000000;664.817871
3985.000000;664.937744
3986.000000;664.980896
3987.000000;664.981567
3988.000000;664.900391
3989.000000;664.782593
3990.000000;664.583740
3991.000000;664.349976
3992.000000;662.557007
3993.000000;663.636597
3994.000000;661.666382
3995.000000;661.831787
3996.000000;660.414429
3997.000000;661.113892
3998.000000;658.816345
3999.000000;659.394775
4000.000000;656.994446
4001.000000;657.483276
4002.000000;655.014832
4003.000000;655.456543
4004.000000;652.955322
4005.000000;653.386047
4006.000000;652.378052
4007.000000;649.936646
4008.000000;649.739502
4009.000000;647.339844
4010.000000;648.628296
4011.000000;647.017822
4012.000000;647.707581
4013.000000;645.571533
4014.000000;646.492981
4015.000000;644.601074
4016.000000;645.040222
4017.000000;643.381836
4018.000000;644.747070
4019.000000;643.271240
4020.000000;643.342651
4021.000000;644.957031
4022.000000;643.709106
4023.000000;644.760132
4024.000000;643.662598
4025.000000;645.543457
4026.000000;644.521240
4027.000000;646.473389
4028.000000;645.510010
4029.000000;648.250122
4030.000000;647.354858
4031.000000;649.460754
4032.000000;648.664978
4033.000000;650.121704
4034.000000;649.369873
4035.000000;650.064087
4036.000000;650.698914
4037.000000;651.263672
4038.000000;651.754517
4039.000000;652.161499
4040.000000;652.491455
4041.000000;652.730835
4042.000000;653.624207
4043.000000;653.706543
4044.000000;653.755737
4045.000000;653.738037
4046.000000;652.948242
4047.000000;652.802246
4048.000000;652.573853
4049.000000;652.251221
4050.000000;651.849365
4051.000000;651.364502
4052.000000;652.287842
4053.000000;650.235596
4054.000000;651.105896
4055.000000;649.012512
4056.000000;649.850708
4057.000000;647.004761
4058.000000;647.810974
4059.000000;646.373291
4060.000000;647.145386
4061.000000;644.997681
4062.000000;645.821533
4063.000000;643.732056
4064.000000;644.631165
4065.000000;642.624756
4066.000000;643.621338
4067.000000;641.718994
4068.000000;642.830261
4069.000000;642.529785
4070.000000;640.863708
4071.000000;642.205200
4072.000000;641.411438
4073.000000;642.913940
4074.000000;640.855225
4075.000000;642.554688
4076.000000;640.632080
4077.000000;642.432983
4078.000000;641.293701
4079.000000;643.130493
4080.000000;642.753662
4081.000000;644.636353
4082.000000;643.607666
4083.000000;645.574158
4084.000000;644.622681
4085.000000;645.169067
4086.000000;645.696533
4087.000000;646.203735
4088.000000;646.684082
4089.000000;646.391602
4090.000000;646.779541
4091.000000;647.072144
4092.000000;647.297852
4093.000000;647.419006
4094.000000;647.472595
4095.000000;647.421021
4096.000000;647.299194
4097.000000;647.812988
4098.000000;648.292603
4099.000000;646.530273
4100.000000;646.191284
4101.000000;645.781006
4102.000000;646.776978
4103.000000;644.811157
4104.000000;645.758057
4105.000000;643.758789
4106.000000;644.677673
4107.000000;642.664673
4108.000000;643.580261
4109.000000;641.573059
4110.000000;643.245117
4111.000000;640.550903
4112.000000;641.573059
4113.000000;639.667419
4114.000000;640.747864
4115.000000;638.903076
4116.000000;638.572510
4117.000000;638.226440
4118.000000;637.899170
4119.000000;637.558289
4120.000000;637.248657
4121.000000;637.664307
4122.000000;637.407715
4123.000000;637.192383
4124.000000;637.053711
4125.000000;636.962036
4126.000000;636.943054
4127.000000;638.463989
4128.000000;636.407104
4129.000000;638.107910
4130.000000;636.909729
4131.000000;638.723755
4132.000000;637.632812
4133.000000;638.065430
4134.000000;638.488159
4135.000000;638.921326
4136.000000;639.338257
4137.000000;639.758301
4138.000000;640.153076
4139.000000;640.541626
4140.000000;641.638550
4141.000000;642.008301
4142.000000;642.392456
4143.000000;642.783081
4144.000000;643.186157
4145.000000;642.845947
4146.000000;643.222168
4147.000000;643.538330
4148.000000;643.818970
4149.000000;644.036987
4150.000000;644.209717
4151.000000;644.317078
4152.000000;645.862793
4153.000000;645.175659
4154.000000;646.714233
4155.000000;645.328125
4156.000000;646.912476
4157.000000;645.574829
4158.000000;647.202393
4159.000000;645.905945
4160.000000;647.568237
4161.000000;646.308411
4162.000000;647.257385
4163.000000;647.474609
4164.000000;649.183289
4165.000000;647.994202
4166.000000;647.578003
4167.000000;647.875732
4168.000000;648.123779
4169.000000;648.333862
4170.000000;648.495483
4171.000000;650.095581
4172.000000;648.738892
4173.000000;650.324646
4174.000000;648.951599
4175.000000;651.255249
4176.000000;649.884766
4177.000000;651.503174
4178.000000;650.191772
4179.000000;651.122314
4180.000000;649.835693
4181.000000;651.473022
4182.000000;650.147949
4183.000000;651.745300
4184.000000;650.373718
4185.000000;651.921997
4186.000000;650.499390
4187.000000;651.998535
4188.000000;649.784729
4189.000000;651.200195
4190.000000;649.597534
4191.000000;649.396606
4192.000000;649.825928
4193.000000;649.442383
4194.000000;649.004639
4195.000000;648.512512
4196.000000;647.970703
4197.000000;647.386230
4198.000000;646.762573
4199.000000;646.106873
4200.000000;645.424255
4201.000000;643.985962
4202.000000;644.727295
4203.000000;642.512817
4204.000000;643.252197
4205.000000;641.048340
4206.000000;641.813843
4207.000000;639.648499
4208.000000;640.469727
4209.000000;639.108582
4210.000000;640.035156
4211.000000;638.099487
4212.000000;639.210571
4213.000000;638.948914
4214.000000;638.834961
4215.000000;638.855957
4216.000000;637.539246
4217.000000;639.269531
4218.000000;638.147217
4219.000000;640.067932
4220.000000;638.387451
4221.000000;640.454651
4222.000000;639.599976
4223.000000;641.735962
4224.000000;640.937012
4225.000000;643.116760
4226.000000;642.346680
4227.000000;644.542725
4228.000000;643.775269
4229.000000;645.959595
4230.000000;645.902771
4231.000000;647.333252
4232.000000;646.533569
4233.000000;648.638855
4234.000000;647.761230
4235.000000;648.286133
4236.000000;648.729736
4237.000000;649.056396
4238.000000;649.299072
4239.000000;649.414978
4240.000000;648.704834
4241.000000;648.578613
4242.000000;648.317505
4243.000000;648.639404
4244.000000;648.116577
4245.000000;647.502747
4246.000000;646.792725
4247.000000;646.010620
4248.000000;645.144897
4249.000000;643.486572
4250.000000;642.468994
4251.000000;641.370239
4252.000000;640.925232
4253.000000;639.711914
4254.000000;638.482910
4255.000000;637.253906
4256.000000;636.036682
4257.000000;634.838562
4258.000000;632.942017
4259.000000;631.792908
4260.000000;630.661987
4261.000000;629.550171
4262.000000;628.483398
4263.000000;627.454102
4264.000000;626.490112
4265.000000;626.321289
4266.000000;624.037964
4267.000000;624.785400
4268.000000;624.155151
4269.000000;623.667603
4270.000000;623.312256
4271.000000;623.108154
4272.000000;623.041382
4273.000000;623.130371
4274.000000;623.356750
4275.000000;622.994141
4276.000000;623.476562
4277.000000;622.566162
4278.000000;624.657104
4279.000000;623.834412
4280.000000;626.003906
4281.000000;625.241455
4282.000000;627.463257
4283.000000;628.222290
4284.000000;629.785095
4285.000000;630.655457
4286.000000;631.628540
4287.000000;632.638367
4288.000000;633.728516
4289.000000;634.839844
4290.000000;636.004639
4291.000000;637.174194
4292.000000;637.630798
4293.000000;638.788574
4294.000000;639.893799
4295.000000;641.676453
4296.000000;642.669922
4297.000000;643.633789
4298.000000;644.535645
4299.000000;645.388916
4300.000000;646.163208
4301.000000;646.873169
4302.000000;647.489685
4303.000000;648.030884
4304.000000;649.206787
4305.000000;648.840454
4306.000000;649.128906
4307.000000;649.301147
4308.000000;649.384155
4309.000000;649.343018
4310.000000;649.215942
4311.000000;648.963379
4312.000000;648.629028
4313.000000;648.918213
4314.000000;648.415649
4315.000000;647.858704
4316.000000;648.748108
4317.000000;646.693237
4318.000000;646.856201
4319.000000;644.803284
4320.000000;645.661926
4321.000000;643.579468
4322.000000;645.156738
4323.000000;643.090027
4324.000000;644.008179
4325.000000;642.037720
4326.000000;643.063232
4327.000000;641.208557
4328.000000;642.357056
4329.000000;640.632690
4330.000000;641.919312
4331.000000;639.592163
4332.000000;639.513000
4333.000000;640.895752
4334.000000;639.382080
4335.000000;640.827759
4336.000000;639.380737
4337.000000;640.890564
4338.000000;639.509644
4339.000000;641.823120
4340.000000;640.529297
4341.000000;642.237915
4342.000000;641.080933
4343.000000;642.925171
4344.000000;641.889160
4345.000000;643.852417
4346.000000;642.921143
4347.000000;643.500977
4348.000000;643.340027
4349.000000;643.885803
4350.000000;644.368164
4351.000000;644.805176
4352.000000;646.653320
4353.000000;645.542725
4354.000000;645.853638
4355.000000;646.108154
4356.000000;648.498169
4357.000000;646.466797
4358.000000;648.097656
4359.000000;646.735107
4360.000000;648.291321
4361.000000;646.849670
4362.000000;648.329285
4363.000000;646.805908
4364.000000;648.207520
4365.000000;646.606262
4366.000000;647.932007
4367.000000;646.259399
4368.000000;646.775635
4369.000000;645.750244
4370.000000;646.891479
4371.000000;645.068970
4372.000000;646.161133
4373.000000;644.298096
4374.000000;645.353638
4375.000000;644.949219
4376.000000;644.565796
4377.000000;642.749023
4378.000000;643.862305
4379.000000;643.532349
4380.000000;641.749878
4381.000000;642.942749
4382.000000;641.923218
4383.000000;643.165222
4384.000000;641.517456
4385.000000;642.137207
4386.000000;640.588867
4387.000000;641.993164
4388.000000;640.488770
4389.000000;641.935669
4390.000000;641.963135
4391.000000;642.033203
4392.000000;642.186890
4393.000000;642.380676
4394.000000;642.656006
4395.000000;643.706543
4396.000000;644.115417
4397.000000;643.124023
4398.000000;645.133728
4399.000000;644.230103
4400.000000;646.311035
4401.000000;645.473389
4402.000000;646.865356
4403.000000;646.041382
4404.000000;648.118530
4405.000000;647.227173
4406.000000;649.227173
4407.000000;648.244202
4408.000000;650.141418
4409.000000;649.049072
4410.000000;650.829834
4411.000000;649.613892
4412.000000;652.002502
4413.000000;649.937256
4414.000000;651.498535
4415.000000;650.037354
4416.000000;649.973755
4417.000000;649.794556
4418.000000;650.994751
4419.000000;649.172241
4420.000000;648.761841
4421.000000;650.465332
4422.000000;648.464722
4423.000000;647.916260
4424.000000;647.328003
4425.000000;648.183960
4426.000000;646.106934
4427.000000;646.990967
4428.000000;644.947937
4429.000000;645.882324
4430.000000;643.902222
4431.000000;644.910522
4432.000000;643.749146
4433.000000;644.871338
4434.000000;642.404907
4435.000000;643.690063
4436.000000;642.075073
4437.000000;643.471558
4438.000000;641.967041
4439.000000;641.995178
4440.000000;642.028503
4441.000000;643.571045
4442.000000;642.208496
4443.000000;642.376099
4444.000000;644.028442
4445.000000;642.794312
4446.000000;644.547974
4447.000000;643.406128
4448.000000;645.249512
4449.000000;644.923706
4450.000000;646.867920
4451.000000;645.207031
4452.000000;647.261230
4453.000000;646.386963
4454.000000;646.988342
4455.000000;647.559692
4456.000000;648.089111
4457.000000;648.575317
4458.000000;649.009277
4459.000000;649.392639
4460.000000;649.718018
4461.000000;651.467163
4462.000000;650.247437
4463.000000;651.952026
4464.000000;649.943787
4465.000000;651.567993
4466.000000;650.902466
4467.000000;652.413513
4468.000000;650.943604
4469.000000;652.395142
4470.000000;650.864441
4471.000000;652.259033
4472.000000;650.673340
4473.000000;652.012329
4474.000000;650.372986
4475.000000;651.662231
4476.000000;649.980347
4477.000000;651.225098
4478.000000;649.503967
4479.000000;650.711975
4480.000000;648.964050
4481.000000;650.148560
4482.000000;648.380981
4483.000000;649.549805
4484.000000;647.773682
4485.000000;647.455017
4486.000000;646.367981
4487.000000;647.429443
4488.000000;645.513977
4489.000000;645.033691
4490.000000;644.490479
4491.000000;643.890381
4492.000000;643.229370
4493.000000;642.534424
4494.000000;641.783142
4495.000000;641.018127
4496.000000;640.206665
4497.000000;638.660889
4498.000000;638.531982
4499.000000;637.662231
